Codigo Punto de Venta;Punto de Venta;Empresas;Latitud;Longitud;Canal;Zona;Distrito
34102;ALMENDARIZ JAVIER PRADO;PERNOD RICARD PERU S.A.;-12.09314599;-77.0576372;TRADICIONAL;LIMA;MAGDALENA DEL MAR
34103;HUAMANI GASTELU OLGA ISABEL;PERNOD RICARD PERU S.A.;-12.0545994;-77.050845;TRADICIONAL;LIMA;BREÑA
34104;NUÑEZ OJEDA EDGAR;PERNOD RICARD PERU S.A.;-12.0637252;-77.0707104;TRADICIONAL;LIMA;BREÑA
34105;LICORERIA DISENZO;PERNOD RICARD PERU S.A.;-12.1021463;-77.0013336;TRADICIONAL;LIMA;LIMA
34106;OJEDA NINAQUISPE LUIS ALBERTO;PERNOD RICARD PERU S.A.;-12.0635175;-77.0669572;TRADICIONAL;LIMA;LIMA
34107;M&S NEGOCIOS;PERNOD RICARD PERU S.A.;-12.0802095;-77.0362175;TRADICIONAL;LIMA;LINCE
34108;LICORERIA SISI;PERNOD RICARD PERU S.A.;-12.08413433;-77.02858108;TRADICIONAL;LIMA;LINCE
34111;ALMENDARIZ CONQUISTADORES;PERNOD RICARD PERU S.A.;-12.1047676;-77.0370369;TRADICIONAL;LIMA;SAN ISIDRO
34112;EL GITANO (FAUCETT);PERNOD RICARD PERU S.A.;-12.0641547;-77.0971261;TRADICIONAL;LIMA;SAN MIGUEL
34113;ALMENDARIZ MENDIBURU;PERNOD RICARD PERU S.A.;-12.11393246;-77.04613273;TRADICIONAL;LIMA;MIRAFLORES
34114;LICORERIA BRISOL SAN MIGUEL;PERNOD RICARD PERU S.A.;-12.0819159;-77.0884279;TRADICIONAL;LIMA;SAN MIGUEL
34115;MI MAR BRASIL;PERNOD RICARD PERU S.A.;-12.0708306;-77.0506361;TRADICIONAL;LIMA;PUEBLO LIBRE
34116;MI MAR CANEVARO;PERNOD RICARD PERU S.A.;-12.0838093;-77.0370573;TRADICIONAL;LIMA;LINCE
34117;AQUINO MAGDALENA;PERNOD RICARD PERU S.A.;-12.08986052;-77.07329717;TRADICIONAL;LIMA;MAGDALENA DEL MAR
34118;LAU EZETA;PERNOD RICARD PERU S.A.;-12.0710755;-77.0506349;TRADICIONAL;LIMA;MAGDALENA DEL MAR
34119;LICOSERVICE;PERNOD RICARD PERU S.A.;-12.00954101;-77.0588037;TRADICIONAL;LIMA;SAN MARTIN DE PORRES
34120;DISTRIBUIDORA DIPSI;PERNOD RICARD PERU S.A.;-12.027662;-77.056781;TRADICIONAL;LIMA;SAN MARTIN DE PORRES
34122;LICORERIA VAM;PERNOD RICARD PERU S.A.;-11.9949745;-77.0771557;TRADICIONAL;LIMA;LOS OLIVOS
34123;LICORERIA LA CAVA LOS OLIVOS;PERNOD RICARD PERU S.A.;-11.9945617;-77.0752067;TRADICIONAL;LIMA;LOS OLIVOS
34124;AS CONSTRUCCIONES & DIVERSIONES EIRL;PERNOD RICARD PERU S.A.;-11.994848;-77.0764902;TRADICIONAL;LIMA;LOS OLIVOS
34125;INVERSIONES RODEOS;PERNOD RICARD PERU S.A.;-11.97784623;-77.07235038;TRADICIONAL;LIMA;LOS OLIVOS
34126;LICORERIA SALDAÑA;PERNOD RICARD PERU S.A.;-11.9805537;-77.0722314;TRADICIONAL;LIMA;LOS OLIVOS
34127;EL RELAJO;PERNOD RICARD PERU S.A.;-11.9904176;-77.0681568;TRADICIONAL;LIMA;LOS OLIVOS
34128;LICORERIA LA RESERVA;PERNOD RICARD PERU S.A.;-12.0792969;-77.0816148;TRADICIONAL;LIMA;SAN MIGUEL
34129;MONTE BIANCO 1;PERNOD RICARD PERU S.A.;-12.0836028;-77.0895647;TRADICIONAL;LIMA;SAN MIGUEL
34130;MONTE BIANCO 2;PERNOD RICARD PERU S.A.;-12.0718975;-77.0919061;TRADICIONAL;LIMA;SAN MIGUEL
34131;EL ALAMBIQUE;PERNOD RICARD PERU S.A.;-12.0765663;-77.0882361;TRADICIONAL;LIMA;SAN MIGUEL
34132;LA 530 JIRON LIMA;PERNOD RICARD PERU S.A.;-12.0884972;-77.0807399;TRADICIONAL;LIMA;SAN MIGUEL
34133;LA 530 UNIVERSITARIA;PERNOD RICARD PERU S.A.;-12.08406851;-77.08281599;TRADICIONAL;LIMA;SAN MIGUEL
34134;LOS 3 REYES;PERNOD RICARD PERU S.A.;-11.93983;-77.0507767;TRADICIONAL;LIMA;COMAS
34135;LICORERIA DRINKS;PERNOD RICARD PERU S.A.;-11.9391967;-77.05107;TRADICIONAL;LIMA;COMAS
34136;BELAUNDE;PERNOD RICARD PERU S.A.;-11.9391967;-77.05107;TRADICIONAL;LIMA;COMAS
34137;MONDRAGON;PERNOD RICARD PERU S.A.;-11.97140257;-77.06997019;TRADICIONAL;LIMA;LOS OLIVOS
34138;DISTRIBUIDORA 6140-COMERCIAL GyF ORTIZ SAC;PERNOD RICARD PERU S.A.;-11.9595697;-77.0729442;TRADICIONAL;LIMA;LOS OLIVOS
34139;VINOS Y LICORES EVELYN;PERNOD RICARD PERU S.A.;-11.9593984;-77.0754483;TRADICIONAL;LIMA;LOS OLIVOS
34140;LICORERIA SAGITARIO LIMA;PERNOD RICARD PERU S.A.;-11.959572;-77.0729552;TRADICIONAL;LIMA;LOS OLIVOS
34142;EN LAS ROCAS I;PERNOD RICARD PERU S.A.;-11.9421331;-77.0609615;TRADICIONAL;LIMA;COMAS
34143;EN LAS ROCAS II;PERNOD RICARD PERU S.A.;-11.9364271;-77.0603996;TRADICIONAL;LIMA;COMAS
34144;AQUINO MINKA;PERNOD RICARD PERU S.A.;-12.0481492;-77.1098424;TRADICIONAL;LIMA;CALLAO
34145;CABALLO BLANCO LEONCIO PRADO;PERNOD RICARD PERU S.A.;-12.0896117;-77.0726432;TRADICIONAL;LIMA;MAGDALENA DEL MAR
34146;GIOVANI QUINTO;PERNOD RICARD PERU S.A.;-12.0553227;-77.0290677;TRADICIONAL;LIMA;LIMA
34147;CAHUANA BARRIONUEVO;PERNOD RICARD PERU S.A.;-12.0542821;-77.0273477;TRADICIONAL;LIMA;LIMA
34148;SAN ALEJANDRO;PERNOD RICARD PERU S.A.;-12.0562654;-77.0287232;TRADICIONAL;LIMA;LIMA
34149;SAN ALEJANDRO II;PERNOD RICARD PERU S.A.;-12.0558307;-77.0287874;TRADICIONAL;LIMA;LIMA
34150;ALMENDARIZ FONTANA;PERNOD RICARD PERU S.A.;-12.07256682;-76.94782922;TRADICIONAL;LIMA;LA MOLINA
34151;DISTRIBUICIONES Y SERVICIOS GENERALES LATINO;PERNOD RICARD PERU S.A.;-12.054747;-77.0288009;TRADICIONAL;LIMA;LIMA
34152;CORPORACION XIVA;PERNOD RICARD PERU S.A.;-12.1086849;-76.9705853;TRADICIONAL;LIMA;SANTIAGO DE SURCO
34154;SAURIN;PERNOD RICARD PERU S.A.;-12.0547263;-77.0261853;TRADICIONAL;LIMA;LIMA
34155;DAVID BALDEON;PERNOD RICARD PERU S.A.;-12.0541648;-77.0286703;TRADICIONAL;LIMA;LIMA
34156;LICORERIA BEVERLY;PERNOD RICARD PERU S.A.;-12.0547089;-77.026715;TRADICIONAL;LIMA;LIMA
34157;LICORERIA B & S;PERNOD RICARD PERU S.A.;-12.0749495;-76.9883701;TRADICIONAL;LIMA;ATE
34159;LICORERIA EL QUIJOTE;PERNOD RICARD PERU S.A.;-12.0623672;-76.9453419;TRADICIONAL;LIMA;ATE
34161;THE SHINKA;PERNOD RICARD PERU S.A.;-12.0407616;-76.947299;TRADICIONAL;LIMA;SANTA ANITA
34162;LICORERIA CHELITA;PERNOD RICARD PERU S.A.;-12.0528012;-76.9640817;TRADICIONAL;LIMA;SANTA ANITA
34163;LICORERIA EL MUNDO DE LOS LICORES 137;PERNOD RICARD PERU S.A.;-12.0535546;-76.963788;TRADICIONAL;LIMA;SANTA ANITA
34164;DISTRIBUIDORA BALDEON;PERNOD RICARD PERU S.A.;-12.056032;-77.02885;TRADICIONAL;LIMA;LIMA
34165;GITANO MINKA;PERNOD RICARD PERU S.A.;-12.0482289;-77.109868;TRADICIONAL;LIMA;CALLAO
34166;INVERSIONES LOGUZ S.A.C /REPRESENTACIONES RENE EIRL;PERNOD RICARD PERU S.A.;-12.0618798;-77.0335669;TRADICIONAL;LIMA;LA VICTORIA
34167;INVERSIONES MARIANI S.A.C.;PERNOD RICARD PERU S.A.;-12.0614804;-77.0328391;TRADICIONAL;LIMA;LA VICTORIA
34169;J&F REPRESENTACIONES VIRGEN DEL CARMEN;PERNOD RICARD PERU S.A.;-12.0555056;-77.0289276;TRADICIONAL;LIMA;LIMA
34170;LICORERIA MILAGROS;PERNOD RICARD PERU S.A.;-12.0614933;-77.0328467;TRADICIONAL;LIMA;LA VICTORIA
34171;VENTAS BEBIDAS Y LICORES D CALIDAD EIRL;PERNOD RICARD PERU S.A.;-12.0689111;-77.0097601;TRADICIONAL;LIMA;LA VICTORIA
34172;LICORERIA SUPREMO;PERNOD RICARD PERU S.A.;-12.060511;-77.0326585;TRADICIONAL;LIMA;LA VICTORIA
34173;HT ARBEMEI;PERNOD RICARD PERU S.A.;-12.0547304;-77.0262607;TRADICIONAL;LIMA;LIMA
34174;LICORAMOS;PERNOD RICARD PERU S.A.;-12.0542584;-77.0273989;TRADICIONAL;LIMA;LIMA
34175;VILLEGAS Y HNOS;PERNOD RICARD PERU S.A.;-12.0547827;-77.0259256;TRADICIONAL;LIMA;LIMA
34176;JOS? CARLOS TANG WUTON;PERNOD RICARD PERU S.A.;-12.11807273;-77.0236873;TRADICIONAL;LIMA;SURQUILLO
34178;LICORERIA CORTEZ;PERNOD RICARD PERU S.A.;-12.1452358;-77.0058032;TRADICIONAL;LIMA;SANTIAGO DE SURCO
34179;LICORERIA EL MUNDO DE LOS LICORES 309;PERNOD RICARD PERU S.A.;-12.0527602;-76.9641346;TRADICIONAL;LIMA;SANTA ANITA
34180;LICORERIA  ERICK;PERNOD RICARD PERU S.A.;-12.061126;-77.0328299;TRADICIONAL;LIMA;LA VICTORIA
34181;DARIO FONTANA;PERNOD RICARD PERU S.A.;-12.0772454;-76.9643285;TRADICIONAL;LIMA;LA MOLINA
34182;LICORERIA FONTANA;PERNOD RICARD PERU S.A.;-12.0771875;-76.9640557;TRADICIONAL;LIMA;LA MOLINA
34183;POZITO FERRERO;PERNOD RICARD PERU S.A.;-12.0902071;-76.9493138;TRADICIONAL;LIMA;LA MOLINA
34184;POZITO ESTANCIA;PERNOD RICARD PERU S.A.;-12.0775455;-76.9545366;TRADICIONAL;LIMA;LA MOLINA
34185;OSCAR LEON;PERNOD RICARD PERU S.A.;-12.0985777;-76.9949753;TRADICIONAL;LIMA;SAN LUIS
34186;VITA;PERNOD RICARD PERU S.A.;-12.099192;-76.9946682;TRADICIONAL;LIMA;SAN LUIS
34187;LICORERIA JUANITO;PERNOD RICARD PERU S.A.;-12.0926325;-76.9958926;TRADICIONAL;LIMA;SAN LUIS
34188;DARIO;PERNOD RICARD PERU S.A.;-12.0994259;-76.9946757;TRADICIONAL;LIMA;SAN LUIS
34189;LICORERIA JACKY;PERNOD RICARD PERU S.A.;-12.0996438;-76.9946231;TRADICIONAL;LIMA;SAN LUIS
34190;GABACHITO;PERNOD RICARD PERU S.A.;-12.0793427;-76.9940924;TRADICIONAL;LIMA;SAN LUIS
34191;LICORERIA  ERICK 2;PERNOD RICARD PERU S.A.;-12.0614792;-77.032843;TRADICIONAL;LIMA;LA VICTORIA
34192;DISTRIBUIDORA BARRIO NUEVO;PERNOD RICARD PERU S.A.;-12.055817;-77.028893;TRADICIONAL;LIMA;LIMA
34193;LICORERIA LOEL;PERNOD RICARD PERU S.A.;-12.0623561;-77.033077;TRADICIONAL;LIMA;LA VICTORIA
34194;LICORERIA LOEL  / GRUPO LICORES SIN FRONTERAS SAC;PERNOD RICARD PERU S.A.;-12.0621178;-77.0317576;TRADICIONAL;LIMA;LA VICTORIA
34195;LICORERIA BRISOL;PERNOD RICARD PERU S.A.;-12.0851099;-77.0754922;TRADICIONAL;LIMA;SAN MIGUEL
34197;LICORERIA RENE;PERNOD RICARD PERU S.A.;-12.0617249;-77.033353;TRADICIONAL;LIMA;LA VICTORIA
34198;LICORERIA? KATTY;PERNOD RICARD PERU S.A.;-12.0485879;-76.9675081;TRADICIONAL;LIMA;SANTA ANITA
34199;NUEVO MUNDO SAN ISIDRO;PERNOD RICARD PERU S.A.;-12.0914305;-77.0348879;TRADICIONAL;LIMA;SAN ISIDRO
34200;OSWALDO BALDEON;PERNOD RICARD PERU S.A.;-12.054179;-77.0286725;TRADICIONAL;LIMA;LIMA
34201;POZITO MIRAFLORES;PERNOD RICARD PERU S.A.;-12.12048835;-77.03361719;TRADICIONAL;LIMA;MIRAFLORES
34203;LA CAVA SURQUILLO;PERNOD RICARD PERU S.A.;-12.11779288;-77.02386586;TRADICIONAL;LIMA;SURQUILLO
34204;LICORERIA EL HONGO;PERNOD RICARD PERU S.A.;-12.11803253;-76.99908945;TRADICIONAL;LIMA;SURQUILLO
34205;TANG YIK PUN;PERNOD RICARD PERU S.A.;-12.1169761;-77.0228237;TRADICIONAL;LIMA;SURQUILLO
34206;TOISHAN;PERNOD RICARD PERU S.A.;-12.1115484;-77.0004733;TRADICIONAL;LIMA;SURQUILLO
34207;LICORERIA EL CORCHO;PERNOD RICARD PERU S.A.;-12.1128125;-77.0001761;TRADICIONAL;LIMA;SURQUILLO
34208;POZITO GUARDIA CIVIL;PERNOD RICARD PERU S.A.;-12.0994953;-77.0129722;TRADICIONAL;LIMA;SAN ISIDRO
34209;SUMON CANADA;PERNOD RICARD PERU S.A.;-12.0796847;-76.9917095;TRADICIONAL;LIMA;SAN LUIS
34210;EL GITANO (POLO);PERNOD RICARD PERU S.A.;-12.1013205;-76.9714397;TRADICIONAL;LIMA;SANTIAGO DE SURCO
34211;GITANO CHACARRILLA;PERNOD RICARD PERU S.A.;-12.1118075;-76.9914967;TRADICIONAL;LIMA;SANTIAGO DE SURCO
34212;POZITO BARRANCO;PERNOD RICARD PERU S.A.;-12.1405765;-77.0233032;TRADICIONAL;LIMA;BARRANCO
34213;NUEVO MUNDO AVIACION;PERNOD RICARD PERU S.A.;-12.0969943;-77.0023137;TRADICIONAL;LIMA;SAN BORJA
34214;POZITO SALGUERO;PERNOD RICARD PERU S.A.;-12.13039344;-77.0076846;TRADICIONAL;LIMA;SANTIAGO DE SURCO
34215;CATARIS VINOS Y LICORERIAS;PERNOD RICARD PERU S.A.;-12.0950815;-77.0026448;TRADICIONAL;LIMA;SAN BORJA
34216;REPRESENT. DANA;PERNOD RICARD PERU S.A.;-12.055767;-77.0288115;TRADICIONAL;LIMA;LIMA
34217;LICORERIA DON PORFIRIO;PERNOD RICARD PERU S.A.;-12.106397;-77.0007667;TRADICIONAL;LIMA;SAN BORJA
34218;RISCO FONTANA;PERNOD RICARD PERU S.A.;-12.0769433;-76.9636879;TRADICIONAL;LIMA;LA MOLINA
34219;GARCIA Y HNOS;PERNOD RICARD PERU S.A.;-12.1530618;-76.9706203;TRADICIONAL;LIMA;SAN JUAN DE MIRAFLORES
34220;LICORERIA J.M.S;PERNOD RICARD PERU S.A.;-12.1526337;-76.9705829;TRADICIONAL;LIMA;SAN JUAN DE MIRAFLORES
34221;GONAS OPORTO HITLERL DANIE;PERNOD RICARD PERU S.A.;-12.1614832;-76.9644614;TRADICIONAL;LIMA;SAN JUAN DE MIRAFLORES
34222;MAYRA Y ALONDRA;PERNOD RICARD PERU S.A.;-12.1529225;-76.9705216;TRADICIONAL;LIMA;SAN JUAN DE MIRAFLORES
34223;LICORERIA BARBITAS;PERNOD RICARD PERU S.A.;-12.1574364;-76.9731188;TRADICIONAL;LIMA;SAN JUAN DE MIRAFLORES
34224;SEÑOR DE LOS MILAGROS;PERNOD RICARD PERU S.A.;-12.0547075;-77.0267076;TRADICIONAL;LIMA;LIMA
34225;SUMON BENAVIDES;PERNOD RICARD PERU S.A.;-12.1279007;-76.9890283;TRADICIONAL;LIMA;SANTIAGO DE SURCO
34226;MARKET S LA VINA SAC;PERNOD RICARD PERU S.A.;-12.1286108;-76.9931725;TRADICIONAL;LIMA;SANTIAGO DE SURCO
34227;EL GRACIOSO;PERNOD RICARD PERU S.A.;-12.1281985;-77.0000083;TRADICIONAL;LIMA;SANTIAGO DE SURCO
34228;JULIO AYACUCHO;PERNOD RICARD PERU S.A.;-12.1326533;-76.9954239;TRADICIONAL;LIMA;SANTIAGO DE SURCO
34229;TRADING COMPANY;PERNOD RICARD PERU S.A.;-12.0547157;-77.0264603;TRADICIONAL;LIMA;LIMA
34230;DISTRIBUIDORA ALEGRIA;PERNOD RICARD PERU S.A.;-12.1474495;-77.0111386;TRADICIONAL;LIMA;SANTIAGO DE SURCO
34231;MELVA ANDINA;PERNOD RICARD PERU S.A.;-12.146978;-77.0123614;TRADICIONAL;LIMA;SANTIAGO DE SURCO
34232;VIA VINUM;PERNOD RICARD PERU S.A.;-12.109756;-76.9742465;TRADICIONAL;LIMA;SANTIAGO DE SURCO
34233;POZITO 2 DE MAYO;PERNOD RICARD PERU S.A.;-12.0915629;-77.0391176;TRADICIONAL;LIMA;SAN ISIDRO
34234;YIOVANA;PERNOD RICARD PERU S.A.;-12.0993473;-77.0019156;TRADICIONAL;LIMA;SAN BORJA
34235;ZUÑIGA;PERNOD RICARD PERU S.A.;-12.034544;-77.043308;TRADICIONAL;LIMA;RIMAC
34236;POZITO SAN ISIDRO;PERNOD RICARD PERU S.A.;-12.1052943;-77.0396773;TRADICIONAL;LIMA;SAN ISIDRO
49920;CICALA Y CATITA;PERNOD RICARD PERU S.A.;-12.33266941;-76.82463341;TRADICIONAL;LIMA;PUNTA HERMOSA
49921;LICORERIA RIVAS;PERNOD RICARD PERU S.A.;-12.3163046;-76.8327588;TRADICIONAL;LIMA;PUNTA HERMOSA
49922;LA PLANICIE;PERNOD RICARD PERU S.A.;-12.3304169;-76.8291128;TRADICIONAL;LIMA;PUNTA HERMOSA
49923;BODEGA MENOS MENOS;PERNOD RICARD PERU S.A.;-12.3278927;-76.8249003;TRADICIONAL;LIMA;PUNTA HERMOSA
49924;OLA Y SUR MARKET;PERNOD RICARD PERU S.A.;-12.3284424;-76.8247982;TRADICIONAL;LIMA;PUNTA HERMOSA
51628;EL SUPER PIEROLA AREQUIPA;PERNOD RICARD PERU S.A.;-16.40107058;-71.53397802;TRADICIONAL;AREQUIPA;AREQUIPA
51632;FRANCO 24HORAS AREQUIPA;PERNOD RICARD PERU S.A.;-16.39786519;-71.54633756;TRADICIONAL;AREQUIPA;AREQUIPA
51633;FRANCO SUPERMERCADO AREQUIPA;PERNOD RICARD PERU S.A.;-16.39411799;-71.54306533;TRADICIONAL;AREQUIPA;AREQUIPA
51654;EL KORCHO BALTA;PERNOD RICARD PERU S.A.;-6.778393272;-79.8389339;TRADICIONAL;CHICLAYO;CHICLAYO
51655;LA CAVAN CHICLAYO;PERNOD RICARD PERU S.A.;-6.7806343;-79.8423832;TRADICIONAL;CHICLAYO;CHICLAYO
51656;LA TABERNA CHICLAYO;PERNOD RICARD PERU S.A.;-6.7587266;-79.8340791;TRADICIONAL;CHICLAYO;CHICLAYO
51670;CASA MARKET;PERNOD RICARD PERU S.A.;-13.5179462;-71.9791717;TRADICIONAL;CUSCO;CUSCO
51677;LA CANASTA SANTA MONICA;PERNOD RICARD PERU S.A.;-13.5266631;-71.9496015;TRADICIONAL;CUSCO;CUSCO
51691;SOMM VINOTECA;PERNOD RICARD PERU S.A.;-13.5229156;-71.9689824;TRADICIONAL;CUSCO;CUSCO
51698;D EVER MERINO;PERNOD RICARD PERU S.A.;-5.182087;-80.6405557;TRADICIONAL;PIURA;PIURA
51699;GRIFO MEGA;PERNOD RICARD PERU S.A.;-5.181906282;-80.63094532;TRADICIONAL;PIURA;PIURA
51709;FLORISTERIA;PERNOD RICARD PERU S.A.;-8.117692726;-79.03313035;TRADICIONAL;TRUJILLO;TRUJILLO
51713;PAYEST;PERNOD RICARD PERU S.A.;-8.1123026;-79.0194107;TRADICIONAL;TRUJILLO;TRUJILLO
51719;ROGER CIUDAD EXPRESS;PERNOD RICARD PERU S.A.;-8.125893151;-79.03590882;TRADICIONAL;TRUJILLO;TRUJILLO
51720;ROGER CIUDAD SINCHI ROCA;PERNOD RICARD PERU S.A.;-8.114671987;-79.02405807;TRADICIONAL;TRUJILLO;TRUJILLO
51868;ALMENDARIZ PUNTA HERMOSA;PERNOD RICARD PERU S.A.;-12.33261247;-76.82583637;TRADICIONAL;LIMA;PUNTA HERMOSA
51869;CABALLO BLANCO CASTILLA;PERNOD RICARD PERU S.A.;-12.088103;-77.0726935;TRADICIONAL;LIMA;MAGDALENA DEL MAR
51898;VILLER MINKA;PERNOD RICARD PERU S.A.;-12.0483516;-77.109853;TRADICIONAL;LIMA;CHICLAYO
51900;SUPER MEGA;PERNOD RICARD PERU S.A.;-12.3313702;-76.8249199;TRADICIONAL;LIMA;CHICLAYO
51903;LICORERIA B&S;PERNOD RICARD PERU S.A.;-12.0749749;-76.9883832;TRADICIONAL;LIMA;CHICLAYO
52849;FRANCO LAMBRAMANI;PERNOD RICARD PERU S.A.;-16.41331274;-71.52044892;TRADICIONAL;AREQUIPA;AREQUIPA
52914;D EVER GRAU;PERNOD RICARD PERU S.A.;-5.1877874;-80.6515448;TRADICIONAL;PIURA;PIURA
53428;DANA;PERNOD RICARD PERU S.A.;-12.0558068;-77.0288702;TRADICIONAL;LIMA;LIMA
53432;DISTRIBUIDORA TRES MARIAS;PERNOD RICARD PERU S.A.;-12.06772256;-77.0091796;TRADICIONAL;LIMA;LIMA
53444;LA CANASTA AMAUTA;PERNOD RICARD PERU S.A.;-13.5226034;-71.9631847;TRADICIONAL;CUSCO;CUSCO
53449;LICORERIA LUCHITA;PERNOD RICARD PERU S.A.;-13.524249;-71.9810637;TRADICIONAL;CUSCO;CUSCO
53462;SANTORO LICORES;PERNOD RICARD PERU S.A.;-12.0547395;-77.0263355;TRADICIONAL;LIMA;LIMA
99389;ORION SUPERMERCADO MARCAVALLE;PERNOD RICARD PERU S.A.;-13.527265;-71.9474;TRADICIONAL;FUERA_DE_RUTA;CUSCO
99390;ORION SUPERMERCADOS AMERICA;PERNOD RICARD PERU S.A.;-13.52325;-71.967412;TRADICIONAL;FUERA_DE_RUTA;CUSCO
99391;ORION SUPERMERCADOS  SAN PEDRO;PERNOD RICARD PERU S.A.;-13.520364;-71.983408;TRADICIONAL;FUERA_DE_RUTA;CUSCO
99392;ORION SUPERMERCADOS MATARA;PERNOD RICARD PERU S.A.;-13.5208404;-71.9789416;TRADICIONAL;CUSCO;CUSCO
99393;ORION SUPERMERCADOS HUAYRUROPATA;PERNOD RICARD PERU S.A.;-13.524765;-71.9645725;TRADICIONAL;CUSCO;CUSCO
99394;ORION SUPERMERCADO LA CULTURA;PERNOD RICARD PERU S.A.;-13.52709943;-71.94765598;TRADICIONAL;CUSCO;CUSCO
99395;ORION SUPERMERCADOS GARCILAZO;PERNOD RICARD PERU S.A.;-13.52262586;-71.96775435;TRADICIONAL;CUSCO;CUSCO
99396;ORION SUPERMERCADOS UNION;PERNOD RICARD PERU S.A.;-13.5202289;-71.9832602;TRADICIONAL;CUSCO;CUSCO
99397;ORION SUPERMERCADOS MELOQ;PERNOD RICARD PERU S.A.;-13.5247022;-71.9556706;TRADICIONAL;FUERA_DE_RUTA;CUSCO
99405;LA TABERNA TRUJILLO;PERNOD RICARD PERU S.A.;-8.1364073;-79.0489227;TRADICIONAL;TRUJILLO;TRUJILLO
99407;EL KORCHO JOSE LEONARDO;PERNOD RICARD PERU S.A.;-6.772022269;-79.84530685;TRADICIONAL;CHICLAYO;CHICLAYO
99410;EL KORCHO FERNANDO BELAUNDE;PERNOD RICARD PERU S.A.;-6.765320856;-79.8534286;TRADICIONAL;CHICLAYO;CHICLAYO
99411;LAS CAVAS VICTORIA UNION;PERNOD RICARD PERU S.A.;-6.794693379;-79.84244223;TRADICIONAL;CHICLAYO;CHICLAYO
99412;LAS CAVAS VICTORIA LOS INCAS;PERNOD RICARD PERU S.A.;-6.79525;-79.8407317;TRADICIONAL;CHICLAYO;CHICLAYO
305434;ARE FER SAC;PERNOD RICARD PERU S.A.;-12.0426048;-76.9475603;TRADICIONAL;LIMA;LIMA
305435;LICORERIA LA TIENDA DE MI APA;PERNOD RICARD PERU S.A.;-12.0189967;-77.075885;TRADICIONAL;LIMA;LIMA
305437;CARLOS VÁSQUEZ PALACIN;PERNOD RICARD PERU S.A.;-11.933457;-77.047348;TRADICIONAL;LIMA;LIMA
422097;LA 530 III;PERNOD RICARD PERU S.A.;-12.070255;-77.0715317;TRADICIONAL;LIMA;LIMA
452684;DABAMA;PERNOD RICARD PERU S.A.;-12.0541917;-77.0285656;TRADICIONAL;LIMA;LIMA
452686;LICORERIA EL MUNDO DE LOS LICORES 309;PERNOD RICARD PERU S.A.;-12.0527465;-76.9641427;TRADICIONAL;LIMA;LIMA
452689;JMS;PERNOD RICARD PERU S.A.;-12.1527152;-76.9703401;TRADICIONAL;LIMA;LIMA
452690;EL CHINITO;PERNOD RICARD PERU S.A.;-12.1529225;-76.9705216;TRADICIONAL;LIMA;LIMA
452691;LICORERIA MARYS;PERNOD RICARD PERU S.A.;-12.15431331;-76.9724264;TRADICIONAL;LIMA;SAN JUAN DE LURIGANCHO
454051;LICORERIA TEQUILA;PERNOD RICARD PERU S.A.;-11.96671;-77.0785997;TRADICIONAL;LIMA;LIMA
454052;LICORERIA BB+;PERNOD RICARD PERU S.A.;-12.0484429;-76.9674106;TRADICIONAL;LIMA;LIMA
454060;PUNTO SMOK;PERNOD RICARD PERU S.A.;-16.39690375;-71.53468611;TRADICIONAL;FUERA_DE_RUTA;AREQUIPA
454063;SOMM VINOTECA (CAYMA);PERNOD RICARD PERU S.A.;-16.388118;-71.547048;TRADICIONAL;FUERA_DE_RUTA;AREQUIPA
454065;LA CAVA MIRAFLORES;PERNOD RICARD PERU S.A.;-6.7615076;-79.860428;TRADICIONAL;CHICLAYO;CHICLAYO
454066;LA CAVA JOSE EUFENIO;PERNOD RICARD PERU S.A.;-6.7658054;-79.8524492;TRADICIONAL;CHICLAYO;CHICLAYO
454067;LA CAVA ZARUMILLA;PERNOD RICARD PERU S.A.;-6.7731923;-79.8688107;TRADICIONAL;CHICLAYO;CHICLAYO
454068;LA CAVA SAENZ PEÑA;PERNOD RICARD PERU S.A.;-6.756570102;-79.83374468;TRADICIONAL;CHICLAYO;CHICLAYO
454070;ACHOLADO LICORERIA;PERNOD RICARD PERU S.A.;-6.76071825;-79.83502865;TRADICIONAL;CHICLAYO;CHICLAYO
454071;TONEL LICORERIA;PERNOD RICARD PERU S.A.;-6.759001;-79.833514;TRADICIONAL;FUERA_DE_RUTA;CHICLAYO
454073;EL CATADOR;PERNOD RICARD PERU S.A.;-6.780012673;-79.84145526;TRADICIONAL;CHICLAYO;CHICLAYO
454076;LICORERIA 360 MIRAFLORES;PERNOD RICARD PERU S.A.;-6.780545388;-79.85499497;TRADICIONAL;CHICLAYO;CHICLAYO
454077;LICORERIA PUNTO AZUL;PERNOD RICARD PERU S.A.;-6.779714373;-79.85415812;TRADICIONAL;CHICLAYO;CHICLAYO
454081;LA BODEGUETTA;PERNOD RICARD PERU S.A.;-8.109213063;-79.0318315;TRADICIONAL;TRUJILLO;TRUJILLO
454082;LA CAVA PIURA;PERNOD RICARD PERU S.A.;-5.182341322;-80.62994767;TRADICIONAL;PIURA;PIURA
454083;LA CAVA LA TABERNA;PERNOD RICARD PERU S.A.;-6.780392374;-79.84233324;TRADICIONAL;CHICLAYO;CHICLAYO
454090;LICORERIA SANTA MARGARITA;PERNOD RICARD PERU S.A.;-5.1653088;-80.66437;TRADICIONAL;PIURA;PIURA
454099;LICORERIA 24 HORAS;PERNOD RICARD PERU S.A.;-5.1879794;-80.6513362;TRADICIONAL;PIURA;PIURA
454101;SUPER SOL CUSCO BUENDIA;PERNOD RICARD PERU S.A.;-13.5224901;-71.9833789;TRADICIONAL;FUERA_DE_RUTA;CUSCO
454102;SUPER SOL GARCILAZO;PERNOD RICARD PERU S.A.;-13.523058;-71.967424;TRADICIONAL;FUERA_DE_RUTA;CUSCO
454103;SUPER SOL CUSCO GRAU;PERNOD RICARD PERU S.A.;-13.5243061;-71.9777305;TRADICIONAL;FUERA_DE_RUTA;CUSCO
454104;SUPER AHORRO GRAU;PERNOD RICARD PERU S.A.;-13.5232818;-71.9776812;TRADICIONAL;CUSCO;CUSCO
454107;TERRUA VINOTECA;PERNOD RICARD PERU S.A.;-16.388108;-71.5470927;TRADICIONAL;AREQUIPA;AREQUIPA
474488;SUPER SOL TITO;PERNOD RICARD PERU S.A.;-13.5338332;-71.9605424;TRADICIONAL;CUSCO;CUSCO
474489;J&R;PERNOD RICARD PERU S.A.;-12.0410023;-76.9476645;TRADICIONAL;LIMA;SANTA ANITA
486937;PR - SOTO PAREJA CLORINDA;PERNOD RICARD PERU S.A.;-11.9839859;-77.0696622;TRADICIONAL;LIMA;LIMA
486940;PR - PE?ALOZA CHICO ANGEL GABRIEL;PERNOD RICARD PERU S.A.;-12.276375;-76.8702801;TRADICIONAL;LIMA;LIMA
486965;BAZAR ROMESA;PERNOD RICARD PERU S.A.;-8.122940908;-79.02821216;TRADICIONAL;TRUJILLO;TRUJILLO
486968;BODEGA TITOS;PERNOD RICARD PERU S.A.;-8.120006691;-79.03232994;TRADICIONAL;TRUJILLO;TRUJILLO
486979;MINIMARKET FARGOS FLORES;PERNOD RICARD PERU S.A.;-8.136032107;-79.03736733;TRADICIONAL;TRUJILLO;TRUJILLO
486980;MINIMARKET FARGOS SAN ANDRES MZ LL3;PERNOD RICARD PERU S.A.;-8.130539;-79.044538;TRADICIONAL;TRUJILLO;TRUJILLO
486981;BLACK BAR;PERNOD RICARD PERU S.A.;-8.126442067;-79.03268861;TRADICIONAL;TRUJILLO;TRUJILLO
486982;VINTRAGOS LARCO;PERNOD RICARD PERU S.A.;-8.1271054;-79.041055;TRADICIONAL;TRUJILLO;TRUJILLO
486983;VINTRAGOS CESAR VALLEJO;PERNOD RICARD PERU S.A.;-8.127842816;-79.03033681;TRADICIONAL;TRUJILLO;TRUJILLO
486988;MILENIUM LIQUOR STORE;PERNOD RICARD PERU S.A.;-8.1242171;-79.0329111;TRADICIONAL;FUERA_DE_RUTA;TRUJILLO
486989;DESTILADOS;PERNOD RICARD PERU S.A.;-8.130147796;-79.04189772;TRADICIONAL;TRUJILLO;TRUJILLO
486991;LICORERIA GINEBRA;PERNOD RICARD PERU S.A.;-8.122121089;-79.03950525;TRADICIONAL;TRUJILLO;TRUJILLO
486994;MINIMARKET FARGOS LOS JARDINES;PERNOD RICARD PERU S.A.;-8.134335014;-79.03555036;TRADICIONAL;TRUJILLO;TRUJILLO
486998;TABACO Y RON 1;PERNOD RICARD PERU S.A.;-8.101449313;-79.03232834;TRADICIONAL;FUERA_DE_RUTA;TRUJILLO
487001;TABACO Y RON AMERICA SUR;PERNOD RICARD PERU S.A.;-8.1227057;-79.0395369;TRADICIONAL;TRUJILLO;TRUJILLO
487002;TABACO Y RON LARCO;PERNOD RICARD PERU S.A.;-8.1333947;-79.0463072;TRADICIONAL;TRUJILLO;TRUJILLO
487008;MINIMARKET YOSIMAR CALLE 3;PERNOD RICARD PERU S.A.;-8.098851643;-79.04869357;TRADICIONAL;TRUJILLO;TRUJILLO
487009;MINIMARKET ESTACION 18;PERNOD RICARD PERU S.A.;-8.127708664;-79.04780599;TRADICIONAL;FUERA_DE_RUTA;TRUJILLO
487322;SUPER LAMBAYEQUE;PERNOD RICARD PERU S.A.;-6.701008253;-79.90487337;TRADICIONAL;CHICLAYO;CHICLAYO
487323;SUPER PIMENTEL;PERNOD RICARD PERU S.A.;-6.8372717;-79.9357711;TRADICIONAL;CHICLAYO;CHICLAYO
487325;PUICON GONZALES MARIA FERNANDA;PERNOD RICARD PERU S.A.;-6.8826027;-79.8679261;TRADICIONAL;CHICLAYO;CHICLAYO
487330;MARKET SANTA YSABEL BOLOGNESI;PERNOD RICARD PERU S.A.;-6.780948;-79.85653;TRADICIONAL;CHICLAYO;CHICLAYO
487337;LICORERIA DON ELMER;PERNOD RICARD PERU S.A.;-6.794118093;-79.83714219;TRADICIONAL;CHICLAYO;CHICLAYO
487341;LICORERIA 360 GRAU;PERNOD RICARD PERU S.A.;-6.789345284;-79.84725949;TRADICIONAL;CHICLAYO;CHICLAYO
487351;LAS BARRICAS EXPRESS IGNACIO MERINO;PERNOD RICARD PERU S.A.;-5.1794502;-80.6414905;TRADICIONAL;PIURA;PIURA
487352;EPA (GRIFO AVA);PERNOD RICARD PERU S.A.;-5.160492889;-80.6230705;TRADICIONAL;PIURA;PIURA
487354;EL GALLO;PERNOD RICARD PERU S.A.;-5.1699668;-80.6538817;TRADICIONAL;FUERA_DE_RUTA;PIURA
487357;D LUCHOS;PERNOD RICARD PERU S.A.;-5.1878452;-80.6515832;TRADICIONAL;PIURA;PIURA
487360;LICORERIA EL BUNKER PIURA;PERNOD RICARD PERU S.A.;-5.1800467;-80.672489;TRADICIONAL;PIURA;PIURA
487363;LAS BARRICAS EXPRESS LUIS MONTERO;PERNOD RICARD PERU S.A.;-5.197844478;-80.620997;TRADICIONAL;PIURA;PIURA
487364;MARQT DON MANUEL;PERNOD RICARD PERU S.A.;-5.170901578;-80.63059776;TRADICIONAL;PIURA;PIURA
487365;MR BRANDY PIURA;PERNOD RICARD PERU S.A.;-5.1876782;-80.6178794;TRADICIONAL;PIURA;PIURA
487366;LICORERIA AMARETTO;PERNOD RICARD PERU S.A.;-5.191939;-80.6092381;TRADICIONAL;PIURA;PIURA
487367;MAX MARKET GRAU;PERNOD RICARD PERU S.A.;-5.1921289;-80.6419495;TRADICIONAL;PIURA;PIURA
487368;MAX MARKET PANAMERICANA;PERNOD RICARD PERU S.A.;-5.1729259;-80.6807194;TRADICIONAL;PIURA;PIURA
487369;MARKET SAN RAMON;PERNOD RICARD PERU S.A.;-5.182513;-80.6400266;TRADICIONAL;PIURA;PIURA
487506;BOTILLERIA;PERNOD RICARD PERU S.A.;-16.39651721;-71.53467002;TRADICIONAL;FUERA_DE_RUTA;
487507;LICORERIA NUVO BODEGA;PERNOD RICARD PERU S.A.;-16.39336362;-71.53642074;TRADICIONAL;FUERA_DE_RUTA;AREQUIPA
487509;LICORERIA;PERNOD RICARD PERU S.A.;-16.39613758;-71.53549421;TRADICIONAL;FUERA_DE_RUTA;
487513;LICORERIA WOO HOO;PERNOD RICARD PERU S.A.;-16.41579142;-71.5275836;TRADICIONAL;FUERA_DE_RUTA;JOSE LUIS BUSTAMANTE Y RIVERO
494732;PR-PADILLA DIAZ TITO;PERNOD RICARD PERU S.A.;-6.6438028;-79.3854049;TRADICIONAL;CHICLAYO;CHICLAYO
494752;PR-CHAPO?AN LLAUCE CESAR OSWALDO;PERNOD RICARD PERU S.A.;-6.541594;-80.012348;TRADICIONAL;CHICLAYO;CHICLAYO
494753;PR-ZEÑA SANDOVAL MARIA DELFINA;PERNOD RICARD PERU S.A.;-6.5411729;-80.0124785;TRADICIONAL;CHICLAYO;CHICLAYO
494769;PR-DIAZ LLUEN ANA LUISA;PERNOD RICARD PERU S.A.;-6.8822248;-79.9204556;TRADICIONAL;CHICLAYO;CHICLAYO
494772;PR-DIAZ MELENDEZ MIGUEL ALDAIR;PERNOD RICARD PERU S.A.;-6.87997942;-79.92155958;TRADICIONAL;CHICLAYO;CHICLAYO
494774;PR-SAAVEDRA BALAREZO NORMA S;PERNOD RICARD PERU S.A.;-6.882274415;-79.92044732;TRADICIONAL;CHICLAYO;CHICLAYO
494775;PR-OROZCO JACINTO MELISA DEL ROCIO;PERNOD RICARD PERU S.A.;-6.877518958;-79.9216982;TRADICIONAL;CHICLAYO;CHICLAYO
494779;PR-OBLITAS IDROGO ORFELINA;PERNOD RICARD PERU S.A.;-6.740226777;-79.7029207;TRADICIONAL;CHICLAYO;CHICLAYO
494781;TONEL INCANATO;PERNOD RICARD PERU S.A.;-6.7607118;-79.8377302;TRADICIONAL;CHICLAYO;CHICLAYO
494784;PR-GONZALES CHUMACERO WILLAM BALTAZAR;PERNOD RICARD PERU S.A.;-6.751116364;-79.85348234;TRADICIONAL;CHICLAYO;CHICLAYO
494790;PR-LLUEN GUZMAN ESTHER;PERNOD RICARD PERU S.A.;-6.877308617;-79.8744038;TRADICIONAL;CHICLAYO;CHICLAYO
494794;PR-CAPUÑAY GARAY VIOLETA;PERNOD RICARD PERU S.A.;-6.879648596;-79.87553481;TRADICIONAL;CHICLAYO;CHICLAYO
494795;PR-BERNAL PALMA FRANK JOEL;PERNOD RICARD PERU S.A.;-6.814826;-79.8390555;TRADICIONAL;FUERA_DE_RUTA;CHICLAYO
494800;PR-DELGADO VEGA ROLANDO;PERNOD RICARD PERU S.A.;-6.77082548;-79.84300093;TRADICIONAL;CHICLAYO;CHICLAYO
494810;PR-DAVILA VASQUEZ JAMES NEWTON;PERNOD RICARD PERU S.A.;-6.762743182;-79.87233469;TRADICIONAL;CHICLAYO;CHICLAYO
494812;PR-CARRILLO PISCOYA ANA ROSA;PERNOD RICARD PERU S.A.;-6.7003052;-79.90232982;TRADICIONAL;CHICLAYO;CHICLAYO
494814;PR-CULCAS RAYMUNDO CLAUDIA IVETTE;PERNOD RICARD PERU S.A.;-6.6966969;-79.902812;TRADICIONAL;CHICLAYO;CHICLAYO
494815;PR-CARRASCO RIOS ESPERANZA;PERNOD RICARD PERU S.A.;-6.5412806;-80.0152125;TRADICIONAL;CHICLAYO;CHICLAYO
494818;PR-AYALA PAIVA LUIS EDGARDO;PERNOD RICARD PERU S.A.;-6.767879264;-79.77713818;TRADICIONAL;CHICLAYO;CHICLAYO
507503;MINIMARKET A BUEN PRECIO;PERNOD RICARD PERU S.A.;-16.4251547;-71.51526977;TRADICIONAL;AREQUIPA;AREQUIPA
507634;EL REDUCTO;PERNOD RICARD PERU S.A.;-12.11224646;-77.00671298;TRADICIONAL;LIMA;SURQUILLO
507647;PR - MENDOZA LA ROSA RONALD MANUEL;PERNOD RICARD PERU S.A.;-12.2760434;-76.8680774;TRADICIONAL;LIMA;LURIN
507663;PR - INVERSIONES COTI COTI S.A.C;PERNOD RICARD PERU S.A.;-11.9365209;-77.0717253;TRADICIONAL;LIMA;PUENTE PIEDRA
507673;PR - SILVA QUINTO JOSELYN;PERNOD RICARD PERU S.A.;-12.1959078;-76.9841319;TRADICIONAL;LIMA;CHORRILLOS
507674;PR - ALMIRON BERRIO FIDEL;PERNOD RICARD PERU S.A.;-12.19582748;-76.98462677;TRADICIONAL;LIMA;CHORRILLOS
507675;PR - ORDONEZ ALCANTARA NAPOLEON;PERNOD RICARD PERU S.A.;-12.1677121;-77.0249618;TRADICIONAL;LIMA;CHORRILLOS
507690;PR - FERNANDES ROJAS NEWTON JHON;PERNOD RICARD PERU S.A.;-11.9144297;-77.0744518;TRADICIONAL;LIMA;PUENTE PIEDRA
507709;PR - INVERSIONES OLA SUR 1;PERNOD RICARD PERU S.A.;-12.3318208;-76.8249032;TRADICIONAL;LIMA;PUNTA HERMOSA
507828;LICORERIA CHOLO FINO;PERNOD RICARD PERU S.A.;-6.705288;-79.9072296;TRADICIONAL;CHICLAYO;CHICLAYO
507829;LICORERIA PORTON 1;PERNOD RICARD PERU S.A.;-6.702159051;-79.90658998;TRADICIONAL;CHICLAYO;CHICLAYO
507832;LICORERIA MAKAKOS;PERNOD RICARD PERU S.A.;-6.7606923;-79.8347174;TRADICIONAL;CHICLAYO;CHICLAYO
507834;LICOER?A ANEJA TRADICION;PERNOD RICARD PERU S.A.;-6.756513;-79.836869;TRADICIONAL;CHICLAYO;CHICLAYO
507841;PR- COMBUSTIBLES EL CARMEN SAC;PERNOD RICARD PERU S.A.;-6.773247273;-79.82966673;TRADICIONAL;CHICLAYO;CHICLAYO
507842;PR- DIAZ SAMAME JAVIER ROCKY;PERNOD RICARD PERU S.A.;-6.6374921;-79.3933385;TRADICIONAL;CHICLAYO;CHICLAYO
507843;PR- PADILLA SOLIS MILTON PAUL;PERNOD RICARD PERU S.A.;-6.6424113;-79.3868793;TRADICIONAL;CHICLAYO;CHICLAYO
507845;PR- ALVARADO NIQUEN MERLY;PERNOD RICARD PERU S.A.;-6.767797742;-79.87219751;TRADICIONAL;FUERA_DE_RUTA;CHICLAYO
507853;PR- SANCHEZ CESPEDES PAOLA ELIZABETH;PERNOD RICARD PERU S.A.;-6.547294539;-79.86369547;TRADICIONAL;CHICLAYO;CHICLAYO
507854;PR- LLONTOP GONZALES ESPERANZA;PERNOD RICARD PERU S.A.;-6.8652396;-79.8712789;TRADICIONAL;CHICLAYO;CHICLAYO
507855;PR- QUESQUEN DE GONZALES KLIANA;PERNOD RICARD PERU S.A.;-6.814808;-79.8390672;TRADICIONAL;FUERA_DE_RUTA;CHICLAYO
507858;PR- FARRO SOPLAPUCO LUIS FERNANDO;PERNOD RICARD PERU S.A.;-5.9910505;-79.7474504;TRADICIONAL;CHICLAYO;CHICLAYO
507859;PR- CHAMBERGO MAZA PATRICIA;PERNOD RICARD PERU S.A.;-5.9837433;-79.7421105;TRADICIONAL;CHICLAYO;CHICLAYO
507860;PR- ACOSTA NOMBERTO NARDANIA GUISELLA;PERNOD RICARD PERU S.A.;-5.9884972;-79.7474864;TRADICIONAL;CHICLAYO;CHICLAYO
507862;PR- JULCA CASTANEDA ROSMERY YANINA;PERNOD RICARD PERU S.A.;-6.77013778;-79.87296218;TRADICIONAL;FUERA_DE_RUTA;CHICLAYO
507869;PR- CABANILLAS PRADO YOLANDA;PERNOD RICARD PERU S.A.;-6.8842071;-79.9180417;TRADICIONAL;CHICLAYO;CHICLAYO
507870;PR- SAAVEDRA ALARCON JHONY ALEXANDER;PERNOD RICARD PERU S.A.;-6.8812711;-79.9178119;TRADICIONAL;CHICLAYO;CHICLAYO
507942;PR- CARDENAS SEGURA RICARDO LEONEL;PERNOD RICARD PERU S.A.;-12.1026724;-77.0016567;TRADICIONAL;LIMA;LIMA
507943;PR- PUGLIESE VELASQUEZ ANDREA;PERNOD RICARD PERU S.A.;-12.1488127;-76.9738179;TRADICIONAL;LIMA;LIMA
507955;VINTRAGOS JESUS DE NAZARETH;PERNOD RICARD PERU S.A.;-8.107873507;-79.04404228;TRADICIONAL;TRUJILLO;TRUJILLO
507956;MINIMARKET YOSIMAR CALLE 7;PERNOD RICARD PERU S.A.;-8.097036406;-79.04818763;TRADICIONAL;TRUJILLO;TRUJILLO
507957;LICORERIA MASTER;PERNOD RICARD PERU S.A.;-8.121581974;-79.04732808;TRADICIONAL;TRUJILLO;TRUJILLO
507958;MINIMARKET ROCIO;PERNOD RICARD PERU S.A.;-8.12514546;-79.02653101;TRADICIONAL;FUERA_DE_RUTA;TRUJILLO
507960;LA PREVIA EXPRESS;PERNOD RICARD PERU S.A.;-8.096421204;-79.0174679;TRADICIONAL;TRUJILLO;TRUJILLO
507962;LICORERIA BAZAR FREDITA;PERNOD RICARD PERU S.A.;-8.123515;-79.0308597;TRADICIONAL;TRUJILLO;TRUJILLO
507964;BODEGA EL CHINO;PERNOD RICARD PERU S.A.;-12.126463;-77.032578;TRADICIONAL;FUERA_DE_RUTA;TRUJILLO
507966;LICORERIA TRAUMA SHOP;PERNOD RICARD PERU S.A.;-5.1679336;-80.6556478;TRADICIONAL;PIURA;PIURA
538272;PANA MARKET 24 HORAS;PERNOD RICARD PERU S.A.;-5.189283384;-80.60008772;TRADICIONAL;PIURA;PIURA
538274;LICORERIA COLD DRINKS D YOMER;PERNOD RICARD PERU S.A.;-5.226164;-80.6283176;TRADICIONAL;FUERA_DE_RUTA;PIURA
538275;LICORERIA TABACO Y RON PIURA;PERNOD RICARD PERU S.A.;-5.1643411;-80.6666976;TRADICIONAL;PIURA;PIURA
538277;MINI MARKET MELENDRES;PERNOD RICARD PERU S.A.;-5.173499584;-80.64360046;TRADICIONAL;PIURA;PIURA
538278;PR-LUIS DAVID;PERNOD RICARD PERU S.A.;-5.203555;-80.6458355;TRADICIONAL;PIURA;PIURA
538279;GALLEGOS;PERNOD RICARD PERU S.A.;-5.188607;-80.6063161;TRADICIONAL;PIURA;PIURA
538280;LICORERIA LA TIA DORIS;PERNOD RICARD PERU S.A.;-5.1779164;-80.6494692;TRADICIONAL;PIURA;PIURA
538282;LICORERIA 24 HORAS BAM BAM;PERNOD RICARD PERU S.A.;-5.1986407;-80.6290097;TRADICIONAL;PIURA;PIURA
538283;MINIMARKET CHINITO;PERNOD RICARD PERU S.A.;-16.41336263;-71.50062203;TRADICIONAL;AREQUIPA;AREQUIPA
538287;LICORERIA VINOS Y PISCOS;PERNOD RICARD PERU S.A.;-16.42190981;-71.54244304;TRADICIONAL;AREQUIPA;AREQUIPA
538292;FIGOS MARKET;PERNOD RICARD PERU S.A.;-16.40161356;-71.54782891;TRADICIONAL;AREQUIPA;AREQUIPA
538294;TIENDA TOTAL;PERNOD RICARD PERU S.A.;-16.40085185;-71.52984738;TRADICIONAL;FUERA_DE_RUTA;AREQUIPA
538295;TIENDA LUCY;PERNOD RICARD PERU S.A.;-16.35468129;-71.54279706;TRADICIONAL;AREQUIPA;AREQUIPA
538296;MINIMARKET MERCAFAMILIA;PERNOD RICARD PERU S.A.;-16.40809967;-71.51747704;TRADICIONAL;AREQUIPA;AREQUIPA
538299;TIENDA LA CHINITA;PERNOD RICARD PERU S.A.;-16.40044952;-71.52938604;TRADICIONAL;FUERA_DE_RUTA;AREQUIPA
538300;MINI MARKET D BRANS;PERNOD RICARD PERU S.A.;-16.4272325;-71.5189349;TRADICIONAL;FUERA_DE_RUTA;AREQUIPA
538301;PR-MINI BODEGA;PERNOD RICARD PERU S.A.;-16.38513197;-71.57026881;TRADICIONAL;AREQUIPA;AREQUIPA
538303;MINI MARKET SANTA ROSA;PERNOD RICARD PERU S.A.;-16.38184714;-71.56891108;TRADICIONAL;FUERA_DE_RUTA;AREQUIPA
538305;MINI MARKET LA ESTACION;PERNOD RICARD PERU S.A.;-16.38103379;-71.5518415;TRADICIONAL;FUERA_DE_RUTA;AREQUIPA
538306;MINI MARKET YAMMY;PERNOD RICARD PERU S.A.;-16.38169776;-71.54680967;TRADICIONAL;AREQUIPA;AREQUIPA
538307;PR-AUTOSERVICIO EXPRESS;PERNOD RICARD PERU S.A.;-16.403501;-71.549288;TRADICIONAL;FUERA_DE_RUTA;AREQUIPA
538308;MINIMARKET PAPAYA;PERNOD RICARD PERU S.A.;-16.40336991;-71.54782891;TRADICIONAL;AREQUIPA;AREQUIPA
538310;MARKET LA CASERA;PERNOD RICARD PERU S.A.;-16.40644653;-71.56274199;TRADICIONAL;AREQUIPA;AREQUIPA
538314;PR-TIENDA HATUN;PERNOD RICARD PERU S.A.;-16.35605041;-71.54362322;TRADICIONAL;FUERA_DE_RUTA;AREQUIPA
538315;MINIMARKET Y Y LICORES A BUEN PRECIO;PERNOD RICARD PERU S.A.;-16.4245403;-71.51571751;TRADICIONAL;FUERA_DE_RUTA;AREQUIPA
538317;LICORERIA CHARAPA;PERNOD RICARD PERU S.A.;-16.3854507;-71.5546376;TRADICIONAL;AREQUIPA;AREQUIPA
538707;MINIMARKET VICTORIA;PERNOD RICARD PERU S.A.;-6.795045005;-79.84510305;TRADICIONAL;CHICLAYO;CHICLAYO
538712;PR-BODEGA GIAN Y KIARA LA VICTORIA;PERNOD RICARD PERU S.A.;-6.795066305;-79.84812852;TRADICIONAL;FUERA_DE_RUTA;CHICLAYO
538714;LA CAVA LA VICTORIA;PERNOD RICARD PERU S.A.;-6.7936341;-79.8409443;TRADICIONAL;CHICLAYO;CHICLAYO
538715;LICORERIA BBT1+;PERNOD RICARD PERU S.A.;-6.7858336;-79.8661045;TRADICIONAL;CHICLAYO;CHICLAYO
538717;PR-LA CENTRAL;PERNOD RICARD PERU S.A.;-5.9880855;-79.7476053;TRADICIONAL;CHICLAYO;CHICLAYO
538718;LA BARRICA SALAVERRY;PERNOD RICARD PERU S.A.;-6.76909713;-79.86662059;TRADICIONAL;CHICLAYO;CHICLAYO
538719;LICORERIA STRAGOS (TUMAN);PERNOD RICARD PERU S.A.;-6.749075446;-79.70330521;TRADICIONAL;CHICLAYO;CHICLAYO
538720;LICORERIA EL CATADOR (POMALCA);PERNOD RICARD PERU S.A.;-6.768087792;-79.77558505;TRADICIONAL;CHICLAYO;CHICLAYO
538721;LICORERIA YUKI;PERNOD RICARD PERU S.A.;-6.8813402;-79.9212051;TRADICIONAL;CHICLAYO;CHICLAYO
538722;LICORERIA LLONCHUN;PERNOD RICARD PERU S.A.;-6.88123;-79.9176691;TRADICIONAL;CHICLAYO;CHICLAYO
538727;PR-MARY CARLA;PERNOD RICARD PERU S.A.;-6.1555983;-79.7157203;TRADICIONAL;CHICLAYO;CHICLAYO
538728;LICORERIA HORA BBR;PERNOD RICARD PERU S.A.;-6.1545102;-79.715302;TRADICIONAL;CHICLAYO;CHICLAYO
538730;PR-ZOE MARKET;PERNOD RICARD PERU S.A.;-6.1532523;-79.7175088;TRADICIONAL;CHICLAYO;CHICLAYO
538732;PR-GOMEZ CORDOVA;PERNOD RICARD PERU S.A.;-6.1546866;-79.7165503;TRADICIONAL;CHICLAYO;CHICLAYO
538733;LICORERIA LA TABERNITA;PERNOD RICARD PERU S.A.;-6.5422178;-80.0122374;TRADICIONAL;CHICLAYO;CHICLAYO
538734;LICORERIA AMOLETO;PERNOD RICARD PERU S.A.;-6.541407913;-80.01330994;TRADICIONAL;CHICLAYO;CHICLAYO
545899;LICORERIA MINIMARKET LUANA;PERNOD RICARD PERU S.A.;-11.9942232;-77.0682858;TRADICIONAL;LIMA;LIMA
545900;LICORERIA TEQUILA II;PERNOD RICARD PERU S.A.;-12.0063182;-77.0800049;TRADICIONAL;LIMA;LIMA
545901;MAYRA SJM;PERNOD RICARD PERU S.A.;-12.1570908;-76.9729261;TRADICIONAL;LIMA;LIMA
545902;MAYRA SURCO;PERNOD RICARD PERU S.A.;-12.1301709;-76.9809012;TRADICIONAL;LIMA;LIMA
545903;PR- INVERSIONES COTI COTI II S.A.C;PERNOD RICARD PERU S.A.;-11.88918692;-77.06774862;TRADICIONAL;LIMA;LIMA
545904;PR-INVERSIONES COTI COTI III S.A.C;PERNOD RICARD PERU S.A.;-11.88025741;-77.06931783;TRADICIONAL;LIMA;LIMA
545948;PR-CASTILLO LOPEZ ANTONIO;PERNOD RICARD PERU S.A.;-11.85745789;-77.08563801;TRADICIONAL;LIMA;LIMA
545950;PR-MORENO CHEGNI MARTHA;PERNOD RICARD PERU S.A.;-11.86441136;-77.08271541;TRADICIONAL;LIMA;LIMA
545952;PR-RAMOS RIOJA DE ESPINOZA GIOVANNA ELIZABETH;PERNOD RICARD PERU S.A.;-11.86493568;-77.07552843;TRADICIONAL;LIMA;LIMA
545953;LICORERIA KOVA PUENTE PIEDRA;PERNOD RICARD PERU S.A.;-11.86620515;-77.07668949;TRADICIONAL;LIMA;PUENTE PIEDRA
545968;PR-PERALTA SANCHEZ ANTHONY JOAN ALEJANDRO;PERNOD RICARD PERU S.A.;-11.98604963;-77.09089581;TRADICIONAL;LIMA;LIMA
545969;LICORERIA WARGO S.A.C;PERNOD RICARD PERU S.A.;-12.07500372;-77.08740726;TRADICIONAL;LIMA;LIMA
545984;LICORERIA ROSITA;PERNOD RICARD PERU S.A.;-12.14668124;-76.97114725;TRADICIONAL;LIMA;SAN JUAN DE MIRAFLORES
545987;PR-ROGEL MONCADA MARIA;PERNOD RICARD PERU S.A.;-12.23336128;-76.92342471;TRADICIONAL;LIMA;LIMA
545992;LICORERIA KASAMA;PERNOD RICARD PERU S.A.;-12.2154113;-76.94068272;TRADICIONAL;LIMA;VILLA EL SALVADOR
545995;PR-SANCHEZ GONZALEZ MERLIN;PERNOD RICARD PERU S.A.;-11.95523083;-77.06140291;TRADICIONAL;LIMA;LIMA
545996;PR-SILVA QUIQUIA FRESSY;PERNOD RICARD PERU S.A.;-11.91314674;-77.05561639;TRADICIONAL;LIMA;LIMA
574305;LICORERIA 360-3;PERNOD RICARD PERU S.A.;-6.783911967;-79.86268757;TRADICIONAL;CHICLAYO;CHICLAYO
574307;LICORERIA ALCAPONE;PERNOD RICARD PERU S.A.;-16.37562389;-71.55998468;TRADICIONAL;AREQUIPA;AREQUIPA
574308;MINI MARKET LA GRINGA;PERNOD RICARD PERU S.A.;-16.37458911;-71.55978084;TRADICIONAL;AREQUIPA;AREQUIPA
574309;HIPER FULL MARKET;PERNOD RICARD PERU S.A.;-16.42129276;-71.52961135;TRADICIONAL;FUERA_DE_RUTA;AREQUIPA
574310;LICORERIA BBT+;PERNOD RICARD PERU S.A.;-16.40794357;-71.53205752;TRADICIONAL;AREQUIPA;AREQUIPA
585569;HUAYRUROS MARKET (SAN BLAS);PERNOD RICARD PERU S.A.;-13.5148516;-71.9748906;TRADICIONAL;CUSCO;CUSCO
585570;LUCAS MARKET;PERNOD RICARD PERU S.A.;-13.5297603;-71.9435321;TRADICIONAL;CUSCO;WANCHAQ
585572;TITO MARKET;PERNOD RICARD PERU S.A.;-13.5154317;-71.9757581;TRADICIONAL;CUSCO;CUSCO
585573;ORION ( HOSPITAL);PERNOD RICARD PERU S.A.;-13.5247502;-71.9556411;TRADICIONAL;CUSCO;CUSCO
585574;SUPER AHORRO (INFANCIA);PERNOD RICARD PERU S.A.;-13.5271104;-71.9688955;TRADICIONAL;CUSCO;CUSCO
585608;STAR MARKET TUCUME;PERNOD RICARD PERU S.A.;-6.509930459;-79.85983418;TRADICIONAL;CHICLAYO;TUCUME
585609;MIS PEQUE?OS ANGEL Y VALENTINA;PERNOD RICARD PERU S.A.;-6.643391127;-79.38599822;TRADICIONAL;FUERA_DE_RUTA;LAMBAYEQUE
585610;TONEL WASHINGTON;PERNOD RICARD PERU S.A.;-6.749650594;-79.83403147;TRADICIONAL;CHICLAYO;CHICLAYO
585612;ANGEL PEÑALOZA;PERNOD RICARD PERU S.A.;-12.276375;-76.8702801;TRADICIONAL;LIMA;LURIN
585617;LICORERIA DK;PERNOD RICARD PERU S.A.;-8.137382392;-79.04602801;TRADICIONAL;FUERA_DE_RUTA;TRUJILLO
585619;LICORERIA LA TABERNA CHICLAYO;PERNOD RICARD PERU S.A.;-6.765140922;-79.85290442;TRADICIONAL;CHICLAYO;CHICLAYO
585623;CUSCO BRAN;PERNOD RICARD PERU S.A.;-13.52198874;-71.9686546;TRADICIONAL;CUSCO;CUSCO
585624;EL VIEJO MARKET;PERNOD RICARD PERU S.A.;-13.525377;-71.983513;TRADICIONAL;CUSCO;CUSCO
585633;BOLOS MERCADO;PERNOD RICARD PERU S.A.;-13.5292432;-71.9357265;TRADICIONAL;FUERA_DE_RUTA;CUSCO
585634;FENIX LICORERIA - MARKET;PERNOD RICARD PERU S.A.;-13.5274181;-71.946934;TRADICIONAL;CUSCO;CUSCO
668449;BODEGA EL BODEGON;PERNOD RICARD PERU S.A.;-16.37859009;-71.55986667;TRADICIONAL;AREQUIPA;AREQUIPA
668450;GRUPO OSCAR;PERNOD RICARD PERU S.A.;-16.426369;-71.536871;TRADICIONAL;AREQUIPA;AREQUIPA
668451;LICORERIA STRAGOS 2;PERNOD RICARD PERU S.A.;-16.3809769;-71.55207753;TRADICIONAL;FUERA_DE_RUTA;AREQUIPA
668452;LICORERIA LA CURDA;PERNOD RICARD PERU S.A.;-16.42609285;-71.52064204;TRADICIONAL;AREQUIPA;AREQUIPA
668453;ARACELY ANA MORALES;PERNOD RICARD PERU S.A.;-16.40459177;-71.53891325;TRADICIONAL;AREQUIPA;AREQUIPA
668454;DISTRIBUCIONES LILY;PERNOD RICARD PERU S.A.;-16.40406251;-71.53620958;TRADICIONAL;AREQUIPA;AREQUIPA
668455;DISTRIBUIDORA LUANA;PERNOD RICARD PERU S.A.;-16.40378936;-71.53954625;TRADICIONAL;FUERA_DE_RUTA;AREQUIPA
668456;INVERSIONES ELENA;PERNOD RICARD PERU S.A.;-16.4041277;-71.5391988;TRADICIONAL;AREQUIPA;AREQUIPA
668458;MINIMARKET LA CANASTA;PERNOD RICARD PERU S.A.;-16.425052;-71.517274;TRADICIONAL;AREQUIPA;AREQUIPA
668459;INVERSIONES RAYSER;PERNOD RICARD PERU S.A.;-16.40309131;-71.53551221;TRADICIONAL;AREQUIPA;AREQUIPA
668460;MINI MARKET Y LICORES SONIA;PERNOD RICARD PERU S.A.;-16.3843738;-71.5695882;TRADICIONAL;AREQUIPA;AREQUIPA
668461;MUSUQ MARKET;PERNOD RICARD PERU S.A.;-16.38538799;-71.57174349;TRADICIONAL;AREQUIPA;AREQUIPA
668462;MINIMARKET MONTERREY;PERNOD RICARD PERU S.A.;-16.42874425;-71.52420399;TRADICIONAL;AREQUIPA;AREQUIPA
668463;EL SUPER PORTALES;PERNOD RICARD PERU S.A.;-16.39905136;-71.53769016;TRADICIONAL;AREQUIPA;AREQUIPA
668464;LICORERIA 1198;PERNOD RICARD PERU S.A.;-6.769923419;-79.85762358;TRADICIONAL;CHICLAYO;CHICLAYO
668465;LICORERIA D RUMBA;PERNOD RICARD PERU S.A.;-6.760589;-79.836227;TRADICIONAL;CHICLAYO;CHICLAYO
668466;LA LICORERIA;PERNOD RICARD PERU S.A.;-6.7688429;-79.8358417;TRADICIONAL;CHICLAYO;CHICLAYO
668467;LICORERIA 360 - 4;PERNOD RICARD PERU S.A.;-6.785893561;-79.86730096;TRADICIONAL;CHICLAYO;CHICLAYO
668468;LICORERIA 360-5;PERNOD RICARD PERU S.A.;-6.7975482;-79.8400074;TRADICIONAL;FUERA_DE_RUTA;CHICLAYO
668470;TUMI MARKET 1;PERNOD RICARD PERU S.A.;-6.773183541;-79.84253883;TRADICIONAL;FUERA_DE_RUTA;CHICLAYO
668471;LA TABERNA DISTRIBUCIONES;PERNOD RICARD PERU S.A.;-6.763942;-79.8387902;TRADICIONAL;CHICLAYO;CHICLAYO
668472;MARKET SANTA YSABEL JOSE OLAYA;PERNOD RICARD PERU S.A.;-6.773661;-79.855017;TRADICIONAL;CHICLAYO;CHICLAYO
668473;BUHOS MARKET;PERNOD RICARD PERU S.A.;-13.5199779;-71.9801801;TRADICIONAL;CUSCO;CUSCO
668474;CENTRAL MARKET 369;PERNOD RICARD PERU S.A.;-13.5179922;-71.975602;TRADICIONAL;FUERA_DE_RUTA;CUSCO
668476;GAELOS DISTRIBUICIONES;PERNOD RICARD PERU S.A.;-13.52284623;-71.96897916;TRADICIONAL;CUSCO;CUSCO
668477;MARKET PLATEROS;PERNOD RICARD PERU S.A.;-13.5161516;-71.9800036;TRADICIONAL;CUSCO;CUSCO
668478;CUSCO MARKET;PERNOD RICARD PERU S.A.;-13.5162691;-71.9798609;TRADICIONAL;CUSCO;CUSCO
668479;COCA MARKET;PERNOD RICARD PERU S.A.;-13.5157266;-71.9792247;TRADICIONAL;CUSCO;CUSCO
668480;FATIMA MULTISERVICIOS;PERNOD RICARD PERU S.A.;-13.5179292;-71.9755757;TRADICIONAL;CUSCO;CUSCO
668488;LICORERIA TOP BIRRA;PERNOD RICARD PERU S.A.;-6.765058676;-79.85587721;TRADICIONAL;CHICLAYO;CHICLAYO
668491;MINIMARKET AGAPE;PERNOD RICARD PERU S.A.;-12.14301631;-76.94507059;TRADICIONAL;LIMA;LIMA
668492;TORRES CRESPO BRENDA;PERNOD RICARD PERU S.A.;-12.14765589;-77.02123112;TRADICIONAL;LIMA;LIMA
668493;LICORERIA ARIAN;PERNOD RICARD PERU S.A.;-12.194708;-76.984828;TRADICIONAL;LIMA;LIMA
668494;LICORERIA D LICONAIM;PERNOD RICARD PERU S.A.;-11.93945204;-77.05133771;TRADICIONAL;LIMA;LIMA
668495;LA PROMO;PERNOD RICARD PERU S.A.;-11.97428434;-77.07253927;TRADICIONAL;LIMA;LIMA
668497;RAMOS ACEVEDO JULIO;PERNOD RICARD PERU S.A.;-11.95524297;-77.06149612;TRADICIONAL;LIMA;LIMA
668498;LICORERIA DELUXE;PERNOD RICARD PERU S.A.;-11.9320744;-77.04890348;TRADICIONAL;LIMA;LIMA
668499;LICORERIA GATO NEGRO-RETABLO;PERNOD RICARD PERU S.A.;-11.938873;-77.0518338;TRADICIONAL;LIMA;LIMA
668504;LICORERIA EL HINCHA;PERNOD RICARD PERU S.A.;-11.992613;-77.070355;TRADICIONAL;LIMA;LIMA
668505;LICORERIA LAS PALMERAS;PERNOD RICARD PERU S.A.;-11.97859657;-77.0711383;TRADICIONAL;LIMA;LIMA
668506;LICORERIA CHUPISTICA;PERNOD RICARD PERU S.A.;-11.96834321;-77.07158119;TRADICIONAL;LIMA;LIMA
668507;STOP LICORERIA;PERNOD RICARD PERU S.A.;-11.98552028;-77.0926837;TRADICIONAL;LIMA;LIMA
668508;LICORERIA DELI DRINKS;PERNOD RICARD PERU S.A.;-11.9711383;-77.0679167;TRADICIONAL;LIMA;LIMA
668512;MINIMARKET HATUN SAC;PERNOD RICARD PERU S.A.;-11.97191763;-77.07465891;TRADICIONAL;LIMA;LIMA
668513;MUNDO LICOR;PERNOD RICARD PERU S.A.;-11.99533257;-77.08169986;TRADICIONAL;LIMA;LIMA
668514;LICORERIA DAAS;PERNOD RICARD PERU S.A.;-11.96370041;-77.07786497;TRADICIONAL;LIMA;LIMA
668515;LICOW;PERNOD RICARD PERU S.A.;-12.08925781;-77.07292158;TRADICIONAL;LIMA;LIMA
668516;EL GATO NEGRO;PERNOD RICARD PERU S.A.;-11.89155577;-77.06798334;TRADICIONAL;LIMA;LIMA
668524;LICORERIA BRINDISI;PERNOD RICARD PERU S.A.;-12.15503934;-76.96103053;TRADICIONAL;LIMA;LIMA
668525;LICORERIAEL CHATO;PERNOD RICARD PERU S.A.;-12.15981155;-76.95948933;TRADICIONAL;LIMA;LIMA
668526;LICORERIA IRASSHAI;PERNOD RICARD PERU S.A.;-12.15381468;-76.97415503;TRADICIONAL;LIMA;LIMA
668528;LICORERIA USS;PERNOD RICARD PERU S.A.;-12.08149297;-76.99642547;TRADICIONAL;LIMA;LIMA
668530;LICORERIA BEEF;PERNOD RICARD PERU S.A.;-12.07652161;-77.00008069;TRADICIONAL;LIMA;LIMA
668531;BODEGON MARKET;PERNOD RICARD PERU S.A.;-12.07735718;-76.98963783;TRADICIONAL;LIMA;LIMA
668533;LICORERIA GEMA;PERNOD RICARD PERU S.A.;-13.53794894;-71.90535317;TRADICIONAL;CUSCO;SAN JERONIMO
668534;LICORERIA MONTE BIANCO;PERNOD RICARD PERU S.A.;-12.08344194;-77.08969725;TRADICIONAL;LIMA;LIMA
668535;LICORERIA BODEGA EL TRONQUITO;PERNOD RICARD PERU S.A.;-12.08028;-77.09469;TRADICIONAL;LIMA;LIMA
668537;LICORES GROUP S.A.C.;PERNOD RICARD PERU S.A.;-12.11273541;-77.00699926;TRADICIONAL;LIMA;LIMA
668538;EL CORCHO 14;PERNOD RICARD PERU S.A.;-12.2153546;-76.9406502;TRADICIONAL;LIMA;LIMA
668539;LICORERIA JUNCO;PERNOD RICARD PERU S.A.;-12.171566;-76.9550138;TRADICIONAL;LIMA;LIMA
668541;LICORERIA SUMMER;PERNOD RICARD PERU S.A.;-12.148578;-76.9507329;TRADICIONAL;LIMA;LIMA
668542;LICORERIA EL CONEJO;PERNOD RICARD PERU S.A.;-12.1436602;-76.9501028;TRADICIONAL;LIMA;LIMA
668543;LICORERIA JK;PERNOD RICARD PERU S.A.;-12.1412663;-76.9438792;TRADICIONAL;LIMA;LIMA
668545;MINIMARKET ALI 365;PERNOD RICARD PERU S.A.;-12.2165685;-76.9348564;TRADICIONAL;LIMA;LIMA
668546;EL ANTIOQUEÑO;PERNOD RICARD PERU S.A.;-12.15609209;-76.9721491;TRADICIONAL;LIMA;SAN JUAN DE MIRAFLORES
668547;LICORERIA ANDAHUALINDA;PERNOD RICARD PERU S.A.;-11.97723098;-77.09298468;TRADICIONAL;LIMA;LIMA
668548;LICORERIA BRIANA;PERNOD RICARD PERU S.A.;-11.97719966;-77.09285806;TRADICIONAL;LIMA;LIMA
668551;G.M.P.E INVERSIONES;PERNOD RICARD PERU S.A.;-12.1506682;-76.9678757;TRADICIONAL;LIMA;LIMA
668553;LICORERIA LA TIENDA DE MI APA 2;PERNOD RICARD PERU S.A.;-12.0187067;-77.0748797;TRADICIONAL;LIMA;LIMA
668557;POZITO MOLINA;PERNOD RICARD PERU S.A.;-12.09061973;-76.94948802;TRADICIONAL;LIMA;LIMA
668558;POZITO CHACARILLA;PERNOD RICARD PERU S.A.;-12.10966128;-76.98142854;TRADICIONAL;LIMA;LIMA
668559;JET MARKET MIRAFLORES RAMON RIBEYRO;PERNOD RICARD PERU S.A.;-12.124526;-77.023043;TRADICIONAL;LIMA;MIRAFLORES
668560;JET MARKET MIRAFLORES ARISTIDES ALJOVIN;PERNOD RICARD PERU S.A.;-12.131455;-77.029045;TRADICIONAL;LIMA;MIRAFLORES
668562;JET MARKET MIRAFLORES LA PAZ 1660;PERNOD RICARD PERU S.A.;-12.1345749;-77.0252105;TRADICIONAL;LIMA;LIMA
668563;JET MARKET MIRAFLORES JOSE PARDO;PERNOD RICARD PERU S.A.;-12.11902063;-77.04036561;TRADICIONAL;LIMA;LIMA
668564;JET MARKET MIRAFLORES LA PAZ 1040;PERNOD RICARD PERU S.A.;-12.128299;-77.027115;TRADICIONAL;LIMA;LIMA
668565;JET MARKET MIRAFLORES PERCY PHILLIPPS;PERNOD RICARD PERU S.A.;-12.1261706;-77.00724925;TRADICIONAL;LIMA;LIMA
668567;JET MARKET MIRAFLORES ROMA;PERNOD RICARD PERU S.A.;-12.12122447;-77.0380387;TRADICIONAL;LIMA;LIMA
668568;JET MARKET SAN ISIDRO LAURELES;PERNOD RICARD PERU S.A.;-12.097289;-77.045583;TRADICIONAL;LIMA;LIMA
668569;JET MARKET SAN ISIDRO DASSO;PERNOD RICARD PERU S.A.;-12.0973871;-77.0457057;TRADICIONAL;LIMA;LIMA
668570;JET MARKET SAN ISIDRO VALLE RIESTRA;PERNOD RICARD PERU S.A.;-12.10101234;-77.05366076;TRADICIONAL;LIMA;LIMA
668573;LOS SALAS SURCO;PERNOD RICARD PERU S.A.;-12.1207781;-76.9877407;TRADICIONAL;LIMA;LIMA
668575;ISEL;PERNOD RICARD PERU S.A.;-5.174371596;-80.64944115;TRADICIONAL;PIURA;PIURA
668576;BODEGA NIÑO JESUS;PERNOD RICARD PERU S.A.;-5.178364;-80.6418726;TRADICIONAL;FUERA_DE_RUTA;PIURA
668577;LICORERIA AREA 51;PERNOD RICARD PERU S.A.;-5.185953053;-80.66539962;TRADICIONAL;FUERA_DE_RUTA;PIURA
668578;CARMEN ROSA PEÑA HUAMAN;PERNOD RICARD PERU S.A.;-5.1770007;-80.6774562;TRADICIONAL;PIURA;PIURA
668579;LICORERIA SUDIMAR;PERNOD RICARD PERU S.A.;-5.2155133;-80.6262789;TRADICIONAL;FUERA_DE_RUTA;PIURA
668580;LICORERIA GHEEM;PERNOD RICARD PERU S.A.;-5.190483151;-80.66683719;TRADICIONAL;FUERA_DE_RUTA;PIURA
668581;LICORERIA FERNANDO;PERNOD RICARD PERU S.A.;-5.189224805;-80.62623289;TRADICIONAL;PIURA;PIURA
668582;LICORERIA PICADOS;PERNOD RICARD PERU S.A.;-5.19240903;-80.62800021;TRADICIONAL;FUERA_DE_RUTA;PIURA
668583;ELEVITH LEONARDO;PERNOD RICARD PERU S.A.;-5.209729;-80.6418624;TRADICIONAL;PIURA;PIURA
668584;LICORERIA TEQUILA -PIURA;PERNOD RICARD PERU S.A.;-5.191055067;-80.6065112;TRADICIONAL;PIURA;PIURA
668585;ENRIQUE SEGUNDO ROMERO GUTIERREZ;PERNOD RICARD PERU S.A.;-5.1669598;-80.6623772;TRADICIONAL;PIURA;PIURA
668586;LICORERIA CORONA;PERNOD RICARD PERU S.A.;-8.101276;-79.02571;TRADICIONAL;TRUJILLO;TRUJILLO
668589;LICORERIA VALEBAR;PERNOD RICARD PERU S.A.;-8.0963284;-79.0226307;TRADICIONAL;TRUJILLO;TRUJILLO
668590;LICORERIA MAX;PERNOD RICARD PERU S.A.;-8.0776697;-79.0399913;TRADICIONAL;FUERA_DE_RUTA;TRUJILLO
668591;LICORERIA TAIMA;PERNOD RICARD PERU S.A.;-8.123054175;-79.02024054;TRADICIONAL;TRUJILLO;TRUJILLO
668592;EL POINT 2;PERNOD RICARD PERU S.A.;-8.125312;-79.0191553;TRADICIONAL;TRUJILLO;TRUJILLO
668593;WASHKU LICORERIA LAS QUINTANAS;PERNOD RICARD PERU S.A.;-8.1270764;-79.0411376;TRADICIONAL;TRUJILLO;TRUJILLO
668594;WASHKU LICORERIA JARDINES DEL GOLF;PERNOD RICARD PERU S.A.;-8.1342878;-79.0355287;TRADICIONAL;TRUJILLO;TRUJILLO
668596;LICORERIA TRAGO LIBRE;PERNOD RICARD PERU S.A.;-8.107199538;-79.01380422;TRADICIONAL;TRUJILLO;TRUJILLO
668597;LICORERIA 24 HRS;PERNOD RICARD PERU S.A.;-8.142426;-79.0545705;TRADICIONAL;TRUJILLO;TRUJILLO
668601;LOS TILOS PREMIUM;PERNOD RICARD PERU S.A.;-8.133254158;-79.04123512;TRADICIONAL;TRUJILLO;TRUJILLO
668602;DISTRIBUCIONES BRUNO CR7;PERNOD RICARD PERU S.A.;-16.40430359;-71.53605938;TRADICIONAL;AREQUIPA;AREQUIPA
674591;ZUÑIGA BERNABE PRIMITIVA FLORENTINA / IFEL SAC;PERNOD RICARD PERU S.A.;-12.0345512;-77.0431871;TRADICIONAL;LIMA;LIMA
674592;INVERSIONES DISENZO S.A.C.;PERNOD RICARD PERU S.A.;-12.06341139;-77.07064012;TRADICIONAL;LIMA;LIMA
681379;TIENDA MAYORISTA LA TABERNA;PERNOD RICARD PERU S.A.;-6.763728067;-79.83820264;TRADICIONAL;LIMA;CHICLAYO
681437;MARKET TRADE SAC;PERNOD RICARD PERU S.A.;-12.11093324;-77.03678562;TRADICIONAL;LIMA;
681438;CORPORACION DIAS BUENOS S.A.C.;PERNOD RICARD PERU S.A.;-12.12041734;-77.03358581;TRADICIONAL;LIMA;
681439;BALDEON GROUP BUSINESS S.A.C.;PERNOD RICARD PERU S.A.;-12.06819193;-77.00943272;TRADICIONAL;LIMA;
681440;DISTRIBUIDORA TRES MARIAS S.A.C.;PERNOD RICARD PERU S.A.;-12.0680583;-77.00930835;TRADICIONAL;LIMA;
681441;DISTRIBUIDORA Y COMERCIALIZADORA DE PRODUCTOS NORSUR S.A.C.;PERNOD RICARD PERU S.A.;-12.06831261;-77.00916959;TRADICIONAL;LIMA;
681442;EL VIEJO MARKET;PERNOD RICARD PERU S.A.;-13.525377;-71.983513;TRADICIONAL;LIMA;SAN JERONIMO
681443;PAPA DE AMERICA SOCIEDAD ANONIMA - PAPA DE AMERICA S.A.;PERNOD RICARD PERU S.A.;-13.53260111;-71.9803196;TRADICIONAL;LIMA;
681444;ADRIANA´S MARKET;PERNOD RICARD PERU S.A.;-12.0888338;-77.014059;TRADICIONAL;LIMA;
681445;DRINKS CUSCO;PERNOD RICARD PERU S.A.;-13.51953728;-71.96054105;TRADICIONAL;LIMA;
681446;LICORERIA DE A2;PERNOD RICARD PERU S.A.;-12.14642165;-76.97115702;TRADICIONAL;LIMA;SAN JUAN DE MIRAFLORES
683111;LA CASA DEL BARMAN GUARDIA CIVIL;PERNOD RICARD PERU S.A.;-12.18255767;-77.00092385;TRADICIONAL;LIMA;CHORRILLOS
683113;LICORERIA EROS;PERNOD RICARD PERU S.A.;-12.07998729;-76.99212614;TRADICIONAL;LIMA;SAN LUIS
683114;INVERSIONES DERICK;PERNOD RICARD PERU S.A.;-12.06090534;-77.03265032;TRADICIONAL;LIMA;LA VICTORIA
683115;LICORERIA MOJITO;PERNOD RICARD PERU S.A.;-11.9963155;-77.00727582;TRADICIONAL;LIMA;SAN JUAN DE LURIGANCHO
683116;MINIMARKET SHEYLA;PERNOD RICARD PERU S.A.;-12.01443811;-76.99715569;TRADICIONAL;LIMA;SAN JUAN DE LURIGANCHO
683117;LICORERIA UNO MAS;PERNOD RICARD PERU S.A.;-11.97367469;-77.07266547;TRADICIONAL;LIMA;LOS OLIVOS
683118;MARKET JACOB;PERNOD RICARD PERU S.A.;-12.08671333;-77.0413536;TRADICIONAL;LIMA;LINCE
683119;DISTRIBUIDORA RUSS EIRL;PERNOD RICARD PERU S.A.;-12.08171772;-76.99621675;TRADICIONAL;LIMA;SAN LUIS
683120;LEIDA PEREZ DELGADO;PERNOD RICARD PERU S.A.;-12.07237976;-76.99969175;TRADICIONAL;LIMA;SAN LUIS
683121;VELAZCO HUANCARI ALAIN JOEL;PERNOD RICARD PERU S.A.;-11.87453501;-77.12748702;TRADICIONAL;LIMA;VILLA MARIA DEL TRIUNFO
683122;LICORERIA TANNAT;PERNOD RICARD PERU S.A.;-12.10014806;-76.94999409;TRADICIONAL;LIMA;LA MOLINA
683123;LICORERIA DON PORFIRIOR;PERNOD RICARD PERU S.A.;-12.10630609;-77.00066937;TRADICIONAL;LIMA;SAN BORJA
683124;LICORERIA EL POINT;PERNOD RICARD PERU S.A.;-12.08973282;-76.99597238;TRADICIONAL;LIMA;SAN BORJA
683125;LOS DE ARRIBA;PERNOD RICARD PERU S.A.;-12.07709261;-76.98347149;TRADICIONAL;LIMA;ATE
683126;TABACOS C?LERA EIRL;PERNOD RICARD PERU S.A.;-12.11520536;-77.02305822;TRADICIONAL;LIMA;SURQUILLO
683127;DIVINO- ANA CORTEZ;PERNOD RICARD PERU S.A.;-12.14458718;-77.00375792;TRADICIONAL;LIMA;SANTIAGO DE SURCO
683128;DISTRIB BARRIONUEVO EL BOTIJON;PERNOD RICARD PERU S.A.;-12.13961326;-77.02218597;TRADICIONAL;LIMA;LIMA
683129;LICORERIA SHIRLEY;PERNOD RICARD PERU S.A.;-12.0280869;-77.0316586;TRADICIONAL;LIMA;LIMA
683376;LEON DRINKS & CARS EIRL;PERNOD RICARD PERU S.A.;-12.0704634;-75.206649;TRADICIONAL;HUANCAYO;HUANCAYO
683377;EL NORTEÑO & ROMA JEANS;PERNOD RICARD PERU S.A.;-12.0704825;-75.2058184;TRADICIONAL;HUANCAYO;HUANCAYO
683378;ARBET;PERNOD RICARD PERU S.A.;-12.07175347;-75.20827696;TRADICIONAL;HUANCAYO;HUANCAYO
683379;MANTARO RETAIL S.C.R.L;PERNOD RICARD PERU S.A.;-12.07300527;-75.20740226;TRADICIONAL;FUERA_DE_RUTA;HUANCAYO
683380;INVERSIONES MALY;PERNOD RICARD PERU S.A.;-12.02994486;-75.23611895;TRADICIONAL;FUERA_DE_RUTA;
683381;BOTILLERIA EL PUNTO;PERNOD RICARD PERU S.A.;-12.04164952;-75.19342334;TRADICIONAL;FUERA_DE_RUTA;HUANCAYO
683382;LICORERIA AL PASO;PERNOD RICARD PERU S.A.;-12.00686223;-75.28263506;TRADICIONAL;FUERA_DE_RUTA;
683384;LICORERIA LA CAVA HUANCAYO;PERNOD RICARD PERU S.A.;-12.0587018;-75.1982954;TRADICIONAL;HUANCAYO;HUANCAYO
683385;MARKET LICORERIA PUNTO CLAVE;PERNOD RICARD PERU S.A.;-12.0626911;-75.20184242;TRADICIONAL;FUERA_DE_RUTA;
683386;LICORERIA LA KLETA;PERNOD RICARD PERU S.A.;-12.07533365;-75.20199103;TRADICIONAL;FUERA_DE_RUTA;
683387;LICORERIA NYCOL;PERNOD RICARD PERU S.A.;-12.06759636;-75.20670365;TRADICIONAL;FUERA_DE_RUTA;
683388;LICORERIA D TODO;PERNOD RICARD PERU S.A.;-12.06489482;-75.20450294;TRADICIONAL;HUANCAYO;HUANCAYO
683389;LICORERIA MINIMARKET SANTI;PERNOD RICARD PERU S.A.;-12.06537949;-75.20436665;TRADICIONAL;FUERA_DE_RUTA;
683390;LICORERIA CAJO;PERNOD RICARD PERU S.A.;-12.0667145;-75.2085283;TRADICIONAL;HUANCAYO;HUANCAYO
683391;LICORERIA MR. CAT;PERNOD RICARD PERU S.A.;-12.06726545;-75.21368899;TRADICIONAL;HUANCAYO;HUANCAYO
683392;LICORERIA ENTRE COPAS;PERNOD RICARD PERU S.A.;-12.08344623;-75.20804076;TRADICIONAL;FUERA_DE_RUTA;
683393;LICORERIA OLIMPO;PERNOD RICARD PERU S.A.;-12.05607136;-75.21911429;TRADICIONAL;FUERA_DE_RUTA;
683395;LICORERIA POCHITA;PERNOD RICARD PERU S.A.;-12.06439841;-75.21689569;TRADICIONAL;HUANCAYO;HUANCAYO
683396;INVERSIONES E IMPORTACIONES JUMI;PERNOD RICARD PERU S.A.;-12.05993838;-75.2155926;TRADICIONAL;FUERA_DE_RUTA;
683397;MELVI VIPETOUR;PERNOD RICARD PERU S.A.;-16.40393434;-71.53934242;TRADICIONAL;AREQUIPA;AREQUIPA
683434;TIENDAS EPA S.A.C (MIRAFLORES);PERNOD RICARD PERU S.A.;-5.188302446;-80.62101894;TRADICIONAL;FUERA_DE_RUTA;MIRAFLORES
684525;LICORERIA PREVIOS;PERNOD RICARD PERU S.A.;-8.098488905;-79.0433903;TRADICIONAL;TRUJILLO;TRUJILLO
684526;LA CHELADERIA;PERNOD RICARD PERU S.A.;-8.093505177;-79.04290725;TRADICIONAL;TRUJILLO;TRUJILLO
684527;LICORER?A BBT OTRA 2;PERNOD RICARD PERU S.A.;-8.085227306;-79.04164193;TRADICIONAL;FUERA_DE_RUTA;TRUJILLO
684528;365 LIQUOR;PERNOD RICARD PERU S.A.;-8.125083177;-79.01850343;TRADICIONAL;FUERA_DE_RUTA;TRUJILLO
684529;LICORERIA D MALL VILLA MARIA 427;PERNOD RICARD PERU S.A.;-12.16433415;-76.94797596;TRADICIONAL;LIMA;LIMA
684530;LICORERIA D MALL VILLA MARIA 152;PERNOD RICARD PERU S.A.;-12.16627941;-76.9510999;TRADICIONAL;LIMA;LIMA
684531;INVERSIONES TAYPE;PERNOD RICARD PERU S.A.;-12.16318725;-76.94680787;TRADICIONAL;LIMA;LIMA
684532;SUPER MEGA2;PERNOD RICARD PERU S.A.;-12.33291842;-76.82538457;TRADICIONAL;LIMA;LIMA
684534;LICORERIA DEVER MAGISTERIAL;PERNOD RICARD PERU S.A.;-5.190073184;-80.64610422;TRADICIONAL;PIURA;PIURA
684535;LICORERIA CHARLY;PERNOD RICARD PERU S.A.;-5.178536761;-80.68019193;TRADICIONAL;PIURA;PIURA
684540;BODEGA JHON;PERNOD RICARD PERU S.A.;-12.2148471;-76.93923853;TRADICIONAL;LIMA;SAN JUAN DE MIRAFLORES
684541;BODEGA JULIAN;PERNOD RICARD PERU S.A.;-12.21512737;-76.93886502;TRADICIONAL;LIMA;SAN JUAN DE MIRAFLORES
684542;LICORERIA VIKINGOS;PERNOD RICARD PERU S.A.;-12.21448591;-76.93860372;TRADICIONAL;LIMA;
684543;LICORERIA RAMIREZ;PERNOD RICARD PERU S.A.;-12.21702999;-76.94291626;TRADICIONAL;LIMA;VILLA MARIA DEL TRIUNFO
684544;LA CANASTA LARAPA;PERNOD RICARD PERU S.A.;-13.53657835;-71.9074663;TRADICIONAL;CUSCO;SAN JERONIMO
684545;ULTRA MERCADO MAYORISTA;PERNOD RICARD PERU S.A.;-13.5348776;-71.97952012;TRADICIONAL;CUSCO;CUSCO
684546;CONTRERAS POLO CANDELARIO PERCY;PERNOD RICARD PERU S.A.;-12.07404856;-76.98462101;TRADICIONAL;LIMA;
684547;LICORERIA JUANCHO;PERNOD RICARD PERU S.A.;-12.00886452;-77.09747559;TRADICIONAL;LIMA;
684548;LICORERIA 6 TORRES;PERNOD RICARD PERU S.A.;-12.01217922;-77.09396442;TRADICIONAL;LIMA;LIMA
684549;LA TABERNA QUI?ONES;PERNOD RICARD PERU S.A.;-6.767990652;-79.83279795;TRADICIONAL;LIMA;CHICLAYO
684587;DON AQUIJANO;PERNOD RICARD PERU S.A.;-11.937859;-77.0710221;TRADICIONAL;FUERA_DE_RUTA;LOS OLIVOS
684588;JIOMAR CHOQUE;PERNOD RICARD PERU S.A.;-11.93789485;-77.07077492;TRADICIONAL;LIMA;LOS OLIVOS
684589;MINIMARKET NANCY;PERNOD RICARD PERU S.A.;-11.94733877;-77.06888316;TRADICIONAL;FUERA_DE_RUTA;
684590;LICORERIA PAPER PARTY PIM PON;PERNOD RICARD PERU S.A.;-16.42335384;-71.51599332;TRADICIONAL;FUERA_DE_RUTA;AREQUIPA
684591;MIRA MARKET;PERNOD RICARD PERU S.A.;-5.173880728;-80.66050892;TRADICIONAL;PIURA;PIURA
684592;LICORERIA 24 HORAS SHYRUI;PERNOD RICARD PERU S.A.;-5.16686068;-80.65554386;TRADICIONAL;PIURA;PIURA
684593;DISTRIBUCION CRISTHIAN S.R.L;PERNOD RICARD PERU S.A.;-5.174552954;-80.64266389;TRADICIONAL;PIURA;PIURA
684594;LICORERIA 360 CARRETERA PIMENTEL;PERNOD RICARD PERU S.A.;-6.7960899;-79.8841615;TRADICIONAL;CHICLAYO;CHICLAYO
684595;LICORERIA BAZAR S&D;PERNOD RICARD PERU S.A.;-5.176964525;-80.6722504;TRADICIONAL;PIURA;PIURA
684596;COORPORACION LUGMA S.A.C.;PERNOD RICARD PERU S.A.;-13.53747698;-71.90571193;TRADICIONAL;FUERA_DE_RUTA;CUSCO
684597;ROJAS QUISPE MARUJA;PERNOD RICARD PERU S.A.;-13.52382194;-71.98090699;TRADICIONAL;CUSCO;CUSCO
684598;VQ LA LICORERIA;PERNOD RICARD PERU S.A.;-11.97105151;-77.07688373;TRADICIONAL;LIMA;LIMA
684599;BODEGA CHAVELITA;PERNOD RICARD PERU S.A.;-12.02963483;-77.06741482;TRADICIONAL;LIMA;LIMA
686115;LICORERIA DE LUXE POINT;PERNOD RICARD PERU S.A.;-8.116869103;-79.02947273;TRADICIONAL;TRUJILLO;TRUJILLO
686116;RAPID MARQUET;PERNOD RICARD PERU S.A.;-8.1228003;-79.0287278;TRADICIONAL;FUERA_DE_RUTA;TRUJILLO
686117;LA DESTILERIA-1;PERNOD RICARD PERU S.A.;-8.1286295;-79.0427455;TRADICIONAL;TRUJILLO;TRUJILLO
686118;LA DESTILERIA-2;PERNOD RICARD PERU S.A.;-8.128529991;-79.04243988;TRADICIONAL;FUERA_DE_RUTA;TRUJILLO
686119;EL BARVAS LIQUOR STORE;PERNOD RICARD PERU S.A.;-8.130527597;-79.03476731;TRADICIONAL;TRUJILLO;TRUJILLO
687978;LA DESTILERIA-3;PERNOD RICARD PERU S.A.;-8.099146947;-79.01886261;TRADICIONAL;FUERA_DE_RUTA;TRUJILLO
687979;LICOEERIA EL PALOMINO;PERNOD RICARD PERU S.A.;-11.88869692;-77.03676455;TRADICIONAL;LIMA;CARABAYLLO
687980;LICORICE;PERNOD RICARD PERU S.A.;-11.89172742;-77.03828367;TRADICIONAL;LIMA;CARABAYLLO
687991;LICORERIA LA CASCADA;PERNOD RICARD PERU S.A.;-11.89137571;-77.0378724;TRADICIONAL;LIMA;CARABAYLLO
687992;LICORERIA FERNANDO ALEXIS;PERNOD RICARD PERU S.A.;-12.02977753;-77.0597862;TRADICIONAL;LIMA;SAN MARTIN DE PORRES
687993;NEGOCIACIONES LIZETH;PERNOD RICARD PERU S.A.;-12.02609646;-77.05393945;TRADICIONAL;LIMA;SAN MARTIN DE PORRES
687994;JCL DE DEPOSITO DE LICORES UNIVERSO;PERNOD RICARD PERU S.A.;-12.0304083;-77.04545413;TRADICIONAL;LIMA;SAN MARTIN DE PORRES
687995;BODEGA K&V;PERNOD RICARD PERU S.A.;-12.02328352;-77.05046546;TRADICIONAL;LIMA;SAN MARTIN DE PORRES
687996;ARLETY CURO ROJAS;PERNOD RICARD PERU S.A.;-12.02467057;-77.05284947;TRADICIONAL;LIMA;SAN MARTIN DE PORRES
687997;LICORERIA V&K;PERNOD RICARD PERU S.A.;-12.0268578;-77.0551709;TRADICIONAL;LIMA;SAN MARTIN DE PORRES
687998;COMERCIAL D?HASSUMI;PERNOD RICARD PERU S.A.;-12.02540511;-77.05303176;TRADICIONAL;LIMA;SAN MARTIN DE PORRES
687999;LICORERIA LA MAR;PERNOD RICARD PERU S.A.;-12.02850492;-77.03476462;TRADICIONAL;LIMA;RIMAC
688000;LICORERIA SHIRLEY -2;PERNOD RICARD PERU S.A.;-12.02074204;-77.02984559;TRADICIONAL;LIMA;RIMAC
690144;LA CAVA MANUEL SUAREZ;PERNOD RICARD PERU S.A.;-6.7659083;-79.8444134;TRADICIONAL;CHICLAYO;CHICLAYO
690146;NEGOCIACIONES ROSWA;PERNOD RICARD PERU S.A.;-12.04458215;-75.2186255;TRADICIONAL;HUANCAYO;HUANCAYO
690147;LICORERIA ENTRE COPAS;PERNOD RICARD PERU S.A.;-12.0498063;-75.22181273;TRADICIONAL;FUERA_DE_RUTA;HUANCAYO
690148;AYNI PLAZA;PERNOD RICARD PERU S.A.;-12.05329604;-75.22096823;TRADICIONAL;HUANCAYO;HUANCAYO
690149;APUMARKET EIRL;PERNOD RICARD PERU S.A.;-12.06300838;-75.20637377;TRADICIONAL;FUERA_DE_RUTA;HUANCAYO
690150;GRUPO OKA SAC;PERNOD RICARD PERU S.A.;-12.06322164;-75.20636057;TRADICIONAL;HUANCAYO;HUANCAYO
690151;LICORERIA EL PUMA;PERNOD RICARD PERU S.A.;-12.07153492;-75.20697882;TRADICIONAL;HUANCAYO;HUANCAYO
690152;DISTRIBUIDORA CARPIO DE MULTIMARCAS EIRL;PERNOD RICARD PERU S.A.;-12.06882262;-75.20222742;TRADICIONAL;HUANCAYO;HUANCAYO
690153;MINIMARKET RINCON HUANCA;PERNOD RICARD PERU S.A.;-12.05992651;-75.21577438;TRADICIONAL;HUANCAYO;HUANCAYO
690154;COMERCIAL BRINDIS;PERNOD RICARD PERU S.A.;-12.06285525;-75.21396862;TRADICIONAL;FUERA_DE_RUTA;HUANCAYO
690155;HAPPY CLUB;PERNOD RICARD PERU S.A.;-12.05037511;-75.22289588;TRADICIONAL;FUERA_DE_RUTA;HUANCAYO
690156;LICORERIA ENTRE COPAS;PERNOD RICARD PERU S.A.;-12.05006514;-75.22162302;TRADICIONAL;HUANCAYO;HUANCAYO
690157;LICORERIA EL JALEO;PERNOD RICARD PERU S.A.;-12.05912033;-75.2160494;TRADICIONAL;HUANCAYO;HUANCAYO
690158;INVERSIONES FERIA 13 SRL;PERNOD RICARD PERU S.A.;-12.06450477;-75.21667857;TRADICIONAL;HUANCAYO;HUANCAYO
690159;LICORERIA PINK FLOYD;PERNOD RICARD PERU S.A.;-12.05255744;-75.19966486;TRADICIONAL;HUANCAYO;HUANCAYO
690160;VECY MARKET;PERNOD RICARD PERU S.A.;-12.05107503;-75.19847433;TRADICIONAL;FUERA_DE_RUTA;HUANCAYO
690161;HOM MARKET;PERNOD RICARD PERU S.A.;-12.04968974;-75.1979848;TRADICIONAL;HUANCAYO;HUANCAYO
690162;LICORERIA SAN MARCOS;PERNOD RICARD PERU S.A.;-12.04828873;-75.19714259;TRADICIONAL;HUANCAYO;HUANCAYO
690163;WANKA MARK;PERNOD RICARD PERU S.A.;-12.04562129;-75.22478972;TRADICIONAL;FUERA_DE_RUTA;HUANCAYO
690164;LICORERIA KAKUZO AI;PERNOD RICARD PERU S.A.;-12.05002064;-75.2225753;TRADICIONAL;FUERA_DE_RUTA;HUANCAYO
690165;HUANCA YORK;PERNOD RICARD PERU S.A.;-12.04731453;-75.22228805;TRADICIONAL;HUANCAYO;HUANCAYO
690166;EL AGAVE MARISCAL CASTILLA;PERNOD RICARD PERU S.A.;-12.05111924;-75.22105925;TRADICIONAL;HUANCAYO;HUANCAYO
690167;INVERSIONES E IMPORTACIONES JUMI;PERNOD RICARD PERU S.A.;-12.05981006;-75.21576273;TRADICIONAL;FUERA_DE_RUTA;HUANCAYO
690168;LICORERIA BLACK;PERNOD RICARD PERU S.A.;-12.07960699;-75.20320217;TRADICIONAL;FUERA_DE_RUTA;HUANCAYO
690169;MULTISERVICIOS G&L;PERNOD RICARD PERU S.A.;-12.05875613;-75.2162918;TRADICIONAL;HUANCAYO;HUANCAYO
690170;MINIMARKET SANTA MARIA;PERNOD RICARD PERU S.A.;-12.07475;-75.2155384;TRADICIONAL;FUERA_DE_RUTA;HUANCAYO
690171;BOX MARKET;PERNOD RICARD PERU S.A.;-12.06758728;-75.2125064;TRADICIONAL;FUERA_DE_RUTA;HUANCAYO
690172;EL AGAVE JIRON ANCASH;PERNOD RICARD PERU S.A.;-12.06836567;-75.20920943;TRADICIONAL;HUANCAYO;HUANCAYO
690173;WISA PRACTIBODEGAS SAN CARLOS;PERNOD RICARD PERU S.A.;-12.05641279;-75.20472523;TRADICIONAL;HUANCAYO;HUANCAYO
690174;WISA PRACTIBODEGAS REAL;PERNOD RICARD PERU S.A.;-12.05970083;-75.21594326;TRADICIONAL;FUERA_DE_RUTA;HUANCAYO
690175;WISA PRACTIBODEGAS FERROCARRIL;PERNOD RICARD PERU S.A.;-12.0541982;-75.2009922;TRADICIONAL;HUANCAYO;HUANCAYO
690177;WISA PRACTIBODEGAS  -5;PERNOD RICARD PERU S.A.;-12.07102094;-75.21417724;TRADICIONAL;FUERA_DE_RUTA;HUANCAYO
690178;GERSON QUI?ONES CERRON;PERNOD RICARD PERU S.A.;-12.04454086;-75.21903201;TRADICIONAL;FUERA_DE_RUTA;HUANCAYO
690179;LICORERIA D CHIO;PERNOD RICARD PERU S.A.;-12.06929221;-75.21176283;TRADICIONAL;FUERA_DE_RUTA;HUANCAYO
690180;LICORERIA EL TRENSITO;PERNOD RICARD PERU S.A.;-12.06910956;-75.21160719;TRADICIONAL;FUERA_DE_RUTA;HUANCAYO
690181;GRUPO COMERCIAL CAMARGO;PERNOD RICARD PERU S.A.;-12.07181776;-75.20494689;TRADICIONAL;HUANCAYO;HUANCAYO
690182;MANTARO RETAIL;PERNOD RICARD PERU S.A.;-12.07282113;-75.20691686;TRADICIONAL;FUERA_DE_RUTA;HUANCAYO
690183;MERCOSUR;PERNOD RICARD PERU S.A.;-16.42985368;-71.53639624;TRADICIONAL;AREQUIPA;AREQUIPA
690184;LICORERIA THE BOSS;PERNOD RICARD PERU S.A.;-8.097522948;-79.01820306;TRADICIONAL;TRUJILLO;TRUJILLO
690185;FAMILIA GOLDEN;PERNOD RICARD PERU S.A.;-12.159766;-76.9591626;TRADICIONAL;LIMA;VILLA MARIA DEL TRIUNFO
690186;LICORERIA VICTORIA;PERNOD RICARD PERU S.A.;-12.15756859;-76.95846117;TRADICIONAL;LIMA;VILLA MARIA DEL TRIUNFO
690187;LICORERIA SAMY;PERNOD RICARD PERU S.A.;-12.14371367;-76.94963039;TRADICIONAL;LIMA;VILLA MARIA DEL TRIUNFO
690188;EL BEBER TE LLAMA;PERNOD RICARD PERU S.A.;-12.17232608;-76.94872066;TRADICIONAL;LIMA;SAN JUAN DE MIRAFLORES
690189;EL BODEGON;PERNOD RICARD PERU S.A.;-12.27547042;-76.87035956;TRADICIONAL;LIMA;LURIN
690191;MR BRANDY UPAO;PERNOD RICARD PERU S.A.;-5.170175063;-80.62677579;TRADICIONAL;PIURA;PIURA
690192;WEST BAR;PERNOD RICARD PERU S.A.;-12.0848648;-77.08284412;TRADICIONAL;LIMA;SAN MIGUEL
690193;LICORERIA ENTRE COPAS -T;PERNOD RICARD PERU S.A.;-8.127036;-79.0441416;TRADICIONAL;FUERA_DE_RUTA;TRUJILLO
690194;TABACO Y RON AMERICA OESTE;PERNOD RICARD PERU S.A.;-8.11497158;-79.045754;TRADICIONAL;TRUJILLO;TRUJILLO
690195;TABACO Y RON 6;PERNOD RICARD PERU S.A.;-8.080568237;-79.0444258;TRADICIONAL;FUERA_DE_RUTA;TRUJILLO
690196;LICOR CLUB 2;PERNOD RICARD PERU S.A.;-8.127673462;-79.03040069;TRADICIONAL;FUERA_DE_RUTA;TRUJILLO
690197;LICOR CLUB;PERNOD RICARD PERU S.A.;-8.125802;-79.03393002;TRADICIONAL;TRUJILLO;TRUJILLO
690198;LICORERIA WASSKA;PERNOD RICARD PERU S.A.;-8.11873;-79.02682276;TRADICIONAL;FUERA_DE_RUTA;TRUJILLO
690199;LA LICORERIA - TRUJ;PERNOD RICARD PERU S.A.;-8.170682;-79.00901406;TRADICIONAL;FUERA_DE_RUTA;TRUJILLO
690556;LICORERIA GEMA 3;PERNOD RICARD PERU S.A.;-12.0246737;-77.0587239;TRADICIONAL;LIMA;SAN MARTIN DE PORRES
690640;OREBER INVERSIONES;PERNOD RICARD PERU S.A.;-12.067563;-75.20963026;TRADICIONAL;FUERA_DE_RUTA;HUANCAYO
690641;BLANCAS MAYTA FLOR DE MARCELINA;PERNOD RICARD PERU S.A.;-12.06387123;-75.2173036;TRADICIONAL;HUANCAYO;EL TAMBO
690642;ZUASNABAR MATOS KRIS FABRICIO;PERNOD RICARD PERU S.A.;-12.05910935;-75.22209629;TRADICIONAL;HUANCAYO;PILCOMAYO
690644;LICORERIA ELIDA;PERNOD RICARD PERU S.A.;-5.175317489;-80.67746012;TRADICIONAL;PIURA;PIURA
690645;LIQUOUR STORE BARAHONA;PERNOD RICARD PERU S.A.;-6.769487842;-79.83180258;TRADICIONAL;FUERA_DE_RUTA;CHICLAYO
690646;NU?EZ BANCES ANDREE;PERNOD RICARD PERU S.A.;-6.759035408;-79.82478779;TRADICIONAL;FUERA_DE_RUTA;CHICLAYO
690647;LICORERIA EL BUNKER CHORRILLOS;PERNOD RICARD PERU S.A.;-12.168555;-77.02706538;TRADICIONAL;LIMA;CHORRILLOS
690648;DISTRIBUIDORA PERKA;PERNOD RICARD PERU S.A.;-12.14341795;-76.94361813;TRADICIONAL;LIMA;VILLA MARIA DEL TRIUNFO
690649;LICORERIA CRUZ DE MOTUPE;PERNOD RICARD PERU S.A.;-12.1540203;-76.95256889;TRADICIONAL;LIMA;VILLA MARIA DEL TRIUNFO
690650;LICORERIA KOKIMBO;PERNOD RICARD PERU S.A.;-12.16724309;-76.9506531;TRADICIONAL;LIMA;VILLA MARIA DEL TRIUNFO
690651;TAI HENG S A;PERNOD RICARD PERU S.A.;-12.05106689;-77.02569829;TRADICIONAL;LIMA;LIMA
690652;YANILICORES;PERNOD RICARD PERU S.A.;-12.00999762;-77.07070725;TRADICIONAL;LIMA;INDEPENDENCIA
690653;EL TRONQUITO PATRIOTAS;PERNOD RICARD PERU S.A.;-12.07552793;-77.10050432;TRADICIONAL;LIMA;SAN MIGUEL
690654;DIGASEL.SAC;PERNOD RICARD PERU S.A.;-12.09156244;-77.0759328;TRADICIONAL;LIMA;MAGDALENA DEL MAR
690655;R.J. TRADING COMPANY E.I.R.L;PERNOD RICARD PERU S.A.;-12.07281441;-77.04816097;TRADICIONAL;LIMA;JESUS MARIA
690656;LICORERIA LICOMAR;PERNOD RICARD PERU S.A.;-12.0902405;-77.07404833;TRADICIONAL;LIMA;MAGDALENA DEL MAR
690657;LICORERIA LA ZONA;PERNOD RICARD PERU S.A.;-12.00545318;-77.08303491;TRADICIONAL;LIMA;SAN MARTIN DE PORRES
690658;CULTIVOS INKAFLOWERS SRL;PERNOD RICARD PERU S.A.;-12.08369205;-77.03566283;TRADICIONAL;LIMA;MIRAFLORES
691115;LICORERIA BIG BOSS;PERNOD RICARD PERU S.A.;-6.7688797;-79.8656299;TRADICIONAL;FUERA_DE_RUTA;CHICLAYO
691116;LICORERIA DESTILADOS;PERNOD RICARD PERU S.A.;-6.7726392;-79.8648804;TRADICIONAL;CHICLAYO;CHICLAYO
691117;COMERCIAL GIRON;PERNOD RICARD PERU S.A.;-5.2232123;-80.6289563;TRADICIONAL;PIURA;PIURA
691118;CARALY INVERSIONES;PERNOD RICARD PERU S.A.;-16.397028;-71.547174;TRADICIONAL;AREQUIPA;CERRO COLORADO
691119;LICORERIA SAGITARIO AREQUIPA;PERNOD RICARD PERU S.A.;-16.37673;-71.560871;TRADICIONAL;AREQUIPA;CERRO COLORADO
691120;90 LICORERIAS;PERNOD RICARD PERU S.A.;-6.76996;-79.856011;TRADICIONAL;CHICLAYO;CHICLAYO
691121;LICORERIA CORCHO DORADO ANDENES;PERNOD RICARD PERU S.A.;-6.794841;-79.844052;TRADICIONAL;CHICLAYO;CHICLAYO
767749;LICORERIA CORCHO DORADO UNION;PERNOD RICARD PERU S.A.;-6.792463;-79.835138;TRADICIONAL;CHICLAYO;CHICLAYO
767750;BODEGA SAN PEDRO;PERNOD RICARD PERU S.A.;-12.1685952;-77.0291137;TRADICIONAL;LIMA;CHORRILLOS
767751;DON PEPE;PERNOD RICARD PERU S.A.;-12.168262;-77.024294;TRADICIONAL;LIMA;CHORRILLOS
767752;LICORERIA MIGUELITO;PERNOD RICARD PERU S.A.;-12.178076;-77.004579;TRADICIONAL;LIMA;CHORRILLOS
767753;MARKET EXPRESS - CHORRILLOS;PERNOD RICARD PERU S.A.;-12.169506;-77.027218;TRADICIONAL;LIMA;CHORRILLOS
767754;RUTY FRUTY;PERNOD RICARD PERU S.A.;-12.169506;-77.027218;TRADICIONAL;LIMA;CHORRILLOS
767755;BODEGA LUCERO;PERNOD RICARD PERU S.A.;-12.173548;-77.020653;TRADICIONAL;LIMA;CHORRILLOS
767756;LICORERIA MANYA;PERNOD RICARD PERU S.A.;-12.084624;-77.067732;TRADICIONAL;LIMA;PUEBLO LIBRE
767757;LICORERIA LA COPA;PERNOD RICARD PERU S.A.;-12.143065;-77.016236;TRADICIONAL;LIMA;BARRANCO
767758;ALKI NICOLAS DE PIEROLA;PERNOD RICARD PERU S.A.;-12.141541;-77.020374;TRADICIONAL;LIMA;BARRANCO
767759;LICORERIA BWS;PERNOD RICARD PERU S.A.;-12.079642;-77.077044;TRADICIONAL;LIMA;SAN MIGUEL
767760;GITANO FAUCETT;PERNOD RICARD PERU S.A.;-12.0643327;-77.097054;TRADICIONAL;LIMA;CALLAO
767761;CORPORACION AZURIN;PERNOD RICARD PERU S.A.;-12.010249;-77.058731;TRADICIONAL;LIMA;INDEPENDENCIA
767762;MINIMARKET FLASH;PERNOD RICARD PERU S.A.;-12.084789;-77.067984;TRADICIONAL;LIMA;PUEBLO LIBRE
767763;LICORERIA EL BOTIJON;PERNOD RICARD PERU S.A.;-12.139674;-77.022257;TRADICIONAL;LIMA;BARRANCO
775666;LICORERIA MARTINI TRUJILLO;PERNOD RICARD PERU S.A.;-8.119732;-79.034628;TRADICIONAL;TRUJILLO;TRUJILLO
775667;RAPI MARKET;PERNOD RICARD PERU S.A.;-8.118604;-79.027328;TRADICIONAL;FUERA_DE_RUTA;TRUJILLO
775668;VINTRAGOS MANSICHE;PERNOD RICARD PERU S.A.;-8.101677;-79.043062;TRADICIONAL;TRUJILLO;TRUJILLO
775669;LICORERIA TRUJITRAGOS;PERNOD RICARD PERU S.A.;-8.118956;-79.027052;TRADICIONAL;FUERA_DE_RUTA;TRUJILLO
775670;LA KAZETA;PERNOD RICARD PERU S.A.;-8.12627;-79.032977;TRADICIONAL;TRUJILLO;TRUJILLO
775671;LA KAZETA 2;PERNOD RICARD PERU S.A.;-8.129436;-79.029859;TRADICIONAL;FUERA_DE_RUTA;TRUJILLO
775672;DLUJOS;PERNOD RICARD PERU S.A.;-8.134926;-79.045167;TRADICIONAL;FUERA_DE_RUTA;TRUJILLO
775673;DKHALE;PERNOD RICARD PERU S.A.;-8.142462;-79.054557;TRADICIONAL;TRUJILLO;TRUJILLO
775674;AVILA LIQUAR STORE;PERNOD RICARD PERU S.A.;-8.095641;-79.048276;TRADICIONAL;TRUJILLO;TRUJILLO
775675;AQUINO MARKET;PERNOD RICARD PERU S.A.;-12.091542;-77.071013;TRADICIONAL;LIMA;MAGDALENA DEL MAR
775676;MEGA MARKET;PERNOD RICARD PERU S.A.;-12.09225;-77.070802;TRADICIONAL;LIMA;MAGDALENA DEL MAR
775677;JCL DEPOSITO LICORES;PERNOD RICARD PERU S.A.;-12.090886;-77.071306;TRADICIONAL;LIMA;MAGDALENA DEL MAR
775678;BOTELLA Y CORCHO;PERNOD RICARD PERU S.A.;-12.071409;-77.048515;TRADICIONAL;LIMA;LINCE
775679;LICORERIA UN TOQUE DE ALCOHOL;PERNOD RICARD PERU S.A.;-11.873892;-77.12755;TRADICIONAL;LIMA;VENTANILLA
775680;LICORERIA KAVA;PERNOD RICARD PERU S.A.;-11.873892;-77.12755;TRADICIONAL;LIMA;VENTANILLA
775681;TONEL HORACIO PATIÑO;PERNOD RICARD PERU S.A.;-6.758971;-79.833534;TRADICIONAL;CHICLAYO;CHICLAYO
775682;DISTRIBUIDORA RUSS;PERNOD RICARD PERU S.A.;-12.088302;-77.032829;TRADICIONAL;LIMA;CHORRILLOS
775683;LICORERIA VELERY;PERNOD RICARD PERU S.A.;-12.195118;-76.984467;TRADICIONAL;LIMA;LINCE
776029;CAVA REAL-RECOLECTORA;PERNOD RICARD PERU S.A.;-6.7834902;-79.8536399;TRADICIONAL;CHICLAYO;CHICLAYO
776030;LICORERIA TREBOL LOS INCAS;PERNOD RICARD PERU S.A.;-6.7986719;-79.8397437;TRADICIONAL;CHICLAYO;CHICLAYO
776031;LICORERIA CAPEBA;PERNOD RICARD PERU S.A.;-6.797138;-79.840121;TRADICIONAL;CHICLAYO;CHICLAYO
776032;LUXOR STORE;PERNOD RICARD PERU S.A.;-6.7733036;-79.8690849;TRADICIONAL;CHICLAYO;CHICLAYO
776033;LICORERIA CHINITO;PERNOD RICARD PERU S.A.;-11.938208;-77.070994;TRADICIONAL;LIMA;COMAS
776034;INVERSIONES SISA;PERNOD RICARD PERU S.A.;-11.971855;-77.069533;TRADICIONAL;LIMA;LOS OLIVOS
776035;LICORES BLANCO;PERNOD RICARD PERU S.A.;-11.88887;-77.036951;TRADICIONAL;LIMA;CARABAYLLO
776036;LA CASA DEL BARMAN BENAVIDES;PERNOD RICARD PERU S.A.;-12.129911;-76.981117;TRADICIONAL;LIMA;SANTIAGO DE SURCO
776037;COMERCIAL VELAB;PERNOD RICARD PERU S.A.;-12.152347;-76.970383;TRADICIONAL;LIMA;SAN JUAN DE MIRAFLORES
776038;ALKI BOLOGNESI;PERNOD RICARD PERU S.A.;-12.14297;-77.018666;TRADICIONAL;LIMA;BARRANCO
776039;ECO MARKET;PERNOD RICARD PERU S.A.;-12.088978;-77.071044;TRADICIONAL;LIMA;MAGDALENA DEL MAR
776040;LICORERIA VALENTINA;PERNOD RICARD PERU S.A.;-12.079486;-77.081919;TRADICIONAL;LIMA;SAN MIGUEL
776041;MINIMARKET JUSTO AQUI;PERNOD RICARD PERU S.A.;-12.087199;-77.072821;TRADICIONAL;LIMA;MAGDALENA DEL MAR
776042;LICORERIA EL OVALO;PERNOD RICARD PERU S.A.;-12.089264;-77.069756;TRADICIONAL;LIMA;MAGDALENA DEL MAR
776043;LA DESTILERIA 2;PERNOD RICARD PERU S.A.;-8.13687;-79.037571;TRADICIONAL;TRUJILLO;TRUJILLO
776044;TABACO Y RONN;PERNOD RICARD PERU S.A.;-8.095107;-79.020322;TRADICIONAL;TRUJILLO;TRUJILLO
776045;LICORERIA LOS ANGELES;PERNOD RICARD PERU S.A.;-8.135704;-79.038848;TRADICIONAL;TRUJILLO;TRUJILLO
776046;AMARETTO DISTRIBUCIONES;PERNOD RICARD PERU S.A.;-8.127041;-79.036303;TRADICIONAL;TRUJILLO;TRUJILLO
776047;LA REYNA DE COPAS;PERNOD RICARD PERU S.A.;-8.099369;-79.025976;TRADICIONAL;TRUJILLO;TRUJILLO
776048;LICORERIA LA TABERNA TRUJILLO;PERNOD RICARD PERU S.A.;-8.136516;-79.048716;TRADICIONAL;TRUJILLO;TRUJILLO
776049;LICORERIA BARRA 7;PERNOD RICARD PERU S.A.;-6.780205;-79.837366;TRADICIONAL;CHICLAYO;CHICLAYO
776050;LICORERIA ESTACION 36;PERNOD RICARD PERU S.A.;-6.747744;-79.835939;TRADICIONAL;CHICLAYO;CHICLAYO
776051;LICORERIA EL 10;PERNOD RICARD PERU S.A.;-6.779038;-79.833935;TRADICIONAL;CHICLAYO;CHICLAYO
776054;LICORERIA MINIMARKET RIVAS S.R.L.;PERNOD RICARD PERU S.A.;-12.3163046;-76.8327588;TRADICIONAL;LIMA;LIMA
776625;LICORERIA EL PAPOCHO;PERNOD RICARD PERU S.A.;-12.07559657;-77.04787636;TRADICIONAL;LIMA;JESUS MARIA
776626;LICORERIA SHAKER;PERNOD RICARD PERU S.A.;-11.87147131;-77.1217985;TRADICIONAL;LIMA;VENTANILLA
776627;DISTRIBUIDORA BARDALERA;PERNOD RICARD PERU S.A.;-12.0923396;-77.0707997;TRADICIONAL;LIMA;MAGDALENA DEL MAR
776628;ZOR MARKET;PERNOD RICARD PERU S.A.;-12.07579878;-77.05237926;TRADICIONAL;LIMA;JESUS MARIA
776629;LICORERIA LA TASCA;PERNOD RICARD PERU S.A.;-11.8721746;-77.1229071;TRADICIONAL;LIMA;VENTANILLA
776630;BODEGA JENY;PERNOD RICARD PERU S.A.;-12.08660736;-77.03301154;TRADICIONAL;LIMA;LINCE
776631;DISTRIBUIDORA TUSAN;PERNOD RICARD PERU S.A.;-12.11778576;-77.0240267;TRADICIONAL;LIMA;SURQUILLO
776632;TOISHAN DISTRIBVUIDORA SRL;PERNOD RICARD PERU S.A.;-12.11640985;-77.02258011;TRADICIONAL;LIMA;SURQUILLO
776633;LICORERIA TABACOS COLPERU;PERNOD RICARD PERU S.A.;-12.11463669;-77.02301234;TRADICIONAL;LIMA;SURQUILLO
776634;LICORERIA TINTOS INDELEBLES;PERNOD RICARD PERU S.A.;-12.11763558;-77.01834175;TRADICIONAL;LIMA;SURQUILLO
776635;LICORERIA TREBOL LIBERTAD;PERNOD RICARD PERU S.A.;-6.784369;-79.836594;TRADICIONAL;CHICLAYO;CHICLAYO
776636;LICORERIA CORCHO DORADO PEDRO GARZON;PERNOD RICARD PERU S.A.;-6.770187245;-79.82962378;TRADICIONAL;CHICLAYO;CHICLAYO
776637;LICORERIA RS LA ULTIMA PARADA;PERNOD RICARD PERU S.A.;-5.1852574;-80.6600098;TRADICIONAL;PIURA;PIURA
776638;LICORERIA LA RESERVA PIURA;PERNOD RICARD PERU S.A.;-5.1878618;-80.6515769;TRADICIONAL;PIURA;PIURA
776640;KORCHOS Y BARRILES SAN MARTIN;PERNOD RICARD PERU S.A.;-5.1851818;-80.6753167;TRADICIONAL;PIURA;PIURA
776641;PR - ALVINO QUINTO;PERNOD RICARD PERU S.A.;-12.1978684;-76.9959572;TRADICIONAL;LIMA;CHORRILLOS
776642;LICORERIA JACK DANIELS;PERNOD RICARD PERU S.A.;-12.19759406;-76.99595313;TRADICIONAL;LIMA;CHORRILLOS
776643;MINIMARKET FARGOS SAN ANDRES MZ P;PERNOD RICARD PERU S.A.;-8.1303202;-79.0454326;TRADICIONAL;TRUJILLO;TRUJILLO
776644;GEORGE MINIMARKET LICORERIA;PERNOD RICARD PERU S.A.;-8.095668966;-79.04824658;TRADICIONAL;LIMA;TRUJILLO
776645;TABACO Y RON FATIMA;PERNOD RICARD PERU S.A.;-8.13079194;-79.03443626;TRADICIONAL;TRUJILLO;TRUJILLO
776646;LEOS LICORES;PERNOD RICARD PERU S.A.;-8.128522176;-79.0334481;TRADICIONAL;TRUJILLO;TRUJILLO
776647;BLACK BULL MARKET;PERNOD RICARD PERU S.A.;-13.52874813;-71.9459843;TRADICIONAL;CUSCO;CUSCO
776648;SUPER AHORROS SUPERMERCADOS;PERNOD RICARD PERU S.A.;-13.53037828;-71.94531754;TRADICIONAL;CUSCO;CUSCO
779416;LICORERIA ISABEL;PERNOD RICARD PERU S.A.;-12.1348821;-76.94378016;TRADICIONAL;LIMA;VILLA MARIA DEL TRIUNFO
779417;LICORERIA DON GATO;PERNOD RICARD PERU S.A.;-13.52729066;-71.94292213;TRADICIONAL;CUSCO;CUSCO
779419;ROJAS CALVO JAIME;PERNOD RICARD PERU S.A.;-12.00989859;-77.057445;TRADICIONAL;LIMA;SAN MARTIN DE PORRES
779420;CHRIS MARKET;PERNOD RICARD PERU S.A.;-12.17454285;-77.02194283;TRADICIONAL;LIMA;CHORRILLOS
779421;LICORERIA JUNCO;PERNOD RICARD PERU S.A.;-12.20069804;-76.9265305;TRADICIONAL;LIMA;VILLA MARIA DEL TRIUNFO
779423;MINIMARKET JEAN PAUL;PERNOD RICARD PERU S.A.;-12.1130238;-77.0234906;TRADICIONAL;LIMA;
779424;MINIMARKET JAMA;PERNOD RICARD PERU S.A.;-12.11391285;-77.02344898;TRADICIONAL;LIMA;SURQUILLO
779425;LICORERIA CHUPERMAN;PERNOD RICARD PERU S.A.;-12.0881994;-77.0328343;TRADICIONAL;LIMA;LINCE
779426;TOISHAN DISTRIBUIDORES;PERNOD RICARD PERU S.A.;-12.11670357;-77.02270885;TRADICIONAL;LIMA;SURQUILLO
779427;INVERSIONES 2X1;PERNOD RICARD PERU S.A.;-12.1184031;-77.025344;TRADICIONAL;LIMA;SURQUILLO
779428;MULTIBEBIDAS IBM PONCE;PERNOD RICARD PERU S.A.;-12.0684133;-77.00918648;TRADICIONAL;LIMA;LA VICTORIA
779429;LICORERIA WILLY;PERNOD RICARD PERU S.A.;-12.0790473;-77.0227661;TRADICIONAL;LIMA;LA VICTORIA
779430;BODEGA BETZABELT;PERNOD RICARD PERU S.A.;-12.11349588;-77.01857592;TRADICIONAL;LIMA;SURQUILLO
779431;MINIMARKET LEE;PERNOD RICARD PERU S.A.;-12.11417627;-77.01832204;TRADICIONAL;LIMA;SURQUILLO
779432;MARTINI EXPRESS;PERNOD RICARD PERU S.A.;-6.787355449;-79.84468979;TRADICIONAL;CHICLAYO;CHICLAYO
779433;MARKET Y LICORERIA LA COLECTORA;PERNOD RICARD PERU S.A.;-6.783471256;-79.8542829;TRADICIONAL;CHICLAYO;CHICLAYO
779434;LICORERIA 360 - 7;PERNOD RICARD PERU S.A.;-6.776116985;-79.86184962;TRADICIONAL;CHICLAYO;CHICLAYO
779435;LA CAVA CLUB;PERNOD RICARD PERU S.A.;-6.784779078;-79.86653758;TRADICIONAL;CHICLAYO;CHICLAYO
779436;LICORERIA AVENIDA LICOR & CO;PERNOD RICARD PERU S.A.;-6.698657115;-79.90160683;TRADICIONAL;CHICLAYO;CHICLAYO
779438;LICORERIA KORCHOS;PERNOD RICARD PERU S.A.;-8.121215722;-79.02090138;TRADICIONAL;FUERA_DE_RUTA;TRUJILLO
779439;MINIMARKET LICORERIA EL PATRON;PERNOD RICARD PERU S.A.;-8.102133761;-79.04461603;TRADICIONAL;FUERA_DE_RUTA;TRUJILLO
779440;MISTER AGUILA LICORERIA;PERNOD RICARD PERU S.A.;-8.099096248;-79.01866223;TRADICIONAL;TRUJILLO;TRUJILLO
779441;EL BARBAS LIQUOR STORE 2;PERNOD RICARD PERU S.A.;-8.169918012;-79.01093223;TRADICIONAL;FUERA_DE_RUTA;TRUJILLO
779442;EL DEALER - LIQUOR STORE;PERNOD RICARD PERU S.A.;-8.122448849;-79.03173103;TRADICIONAL;TRUJILLO;TRUJILLO
779443;BEBIDAS Y LICORES ALE;PERNOD RICARD PERU S.A.;-12.06824832;-77.00923746;TRADICIONAL;LIMA;LA VICTORIA
779444;DISTRIBUIDORA AVELLANEDA;PERNOD RICARD PERU S.A.;-12.06938195;-77.00930793;TRADICIONAL;LIMA;LA VICTORIA
779445;LICORERIA EL ROMANO;PERNOD RICARD PERU S.A.;-12.12000759;-77.00188062;TRADICIONAL;LIMA;SURQUILLO
779446;LICORERIA SOCIAL DRINKS;PERNOD RICARD PERU S.A.;-12.1193091;-76.9984776;TRADICIONAL;LIMA;SURQUILLO
779447;LICORERIA DELY-BAR;PERNOD RICARD PERU S.A.;-12.1211046;-77.00537215;TRADICIONAL;LIMA;SURQUILLO
779448;LICORERIA EL BUHO;PERNOD RICARD PERU S.A.;-12.0855971;-77.0311362;TRADICIONAL;LIMA;LINCE
779449;GRUPO PONCE Y BEBIDAS;PERNOD RICARD PERU S.A.;-12.0677745;-77.00921427;TRADICIONAL;LIMA;LA VICTORIA
779450;MULTIBEBIDAS B.E.G.;PERNOD RICARD PERU S.A.;-12.06826909;-77.00918965;TRADICIONAL;LIMA;LA VICTORIA
779656;MINIMARKET FAST SHOP;PERNOD RICARD PERU S.A.;-12.0861867;-77.0334907;TRADICIONAL;LIMA;LINCE
779657;LICORERIA LA 21;PERNOD RICARD PERU S.A.;-12.0855587;-77.0311545;TRADICIONAL;LIMA;LINCE
779658;LICORERIA PUNTO WASKA;PERNOD RICARD PERU S.A.;-12.0840249;-77.0312802;TRADICIONAL;LIMA;LINCE
779659;LICORERIAS UNIDAS;PERNOD RICARD PERU S.A.;-12.09135329;-77.03327069;TRADICIONAL;LIMA;SAN ISIDRO
779660;COMERCIAL KATHY;PERNOD RICARD PERU S.A.;-12.0866161;-77.0314563;TRADICIONAL;LIMA;LINCE
779661;LICORERIA ALKO;PERNOD RICARD PERU S.A.;-12.0801703;-77.0339232;TRADICIONAL;LIMA;LINCE
779662;LICORERIA BARCATA;PERNOD RICARD PERU S.A.;-6.764863906;-79.8560124;TRADICIONAL;CHICLAYO;CHICLAYO
779663;CAVA REAL - SIMON BOLIVAR;PERNOD RICARD PERU S.A.;-6.765822247;-79.86824133;TRADICIONAL;CHICLAYO;CHICLAYO
779664;LICORERIA AMARETTO I;PERNOD RICARD PERU S.A.;-6.759678213;-79.83270012;TRADICIONAL;CHICLAYO;CHICLAYO
779665;LICORERIA HONDOS;PERNOD RICARD PERU S.A.;-6.8827951;-79.9218738;TRADICIONAL;CHICLAYO;CHICLAYO
779666;LICORERIA SAMANTHA;PERNOD RICARD PERU S.A.;-6.766193;-79.840164;TRADICIONAL;CHICLAYO;CHICLAYO
779667;LICORERIA MATHIAS Y NAIANY;PERNOD RICARD PERU S.A.;-6.7659916;-79.8401654;TRADICIONAL;CHICLAYO;CHICLAYO
779668;HUGO CARRASCO;PERNOD RICARD PERU S.A.;-6.765898;-79.8401631;TRADICIONAL;CHICLAYO;CHICLAYO
779669;INVERSIONES ROSITA LUANA;PERNOD RICARD PERU S.A.;-6.76622;-79.840146;TRADICIONAL;CHICLAYO;CHICLAYO
779670;CHOCOMANIA EIRL;PERNOD RICARD PERU S.A.;-6.7670316;-79.8403346;TRADICIONAL;CHICLAYO;CHICLAYO
779671;LICORERIA VICTORIANA;PERNOD RICARD PERU S.A.;-12.0681219;-76.9433212;TRADICIONAL;LIMA;LA MOLINA
779672;LICORERIA EL PASADERO;PERNOD RICARD PERU S.A.;-12.06177751;-77.06655476;TRADICIONAL;LIMA;LA MOLINA
779673;LICORERIA CHINITA;PERNOD RICARD PERU S.A.;-12.05982891;-77.04666309;TRADICIONAL;LIMA;BREÑA
779674;LICORERIA EL TRIBUNAL HUAROCHIRI;PERNOD RICARD PERU S.A.;-12.06139001;-76.94155516;TRADICIONAL;LIMA;LIMA
779675;LICORERIA BLACK BULL;PERNOD RICARD PERU S.A.;-12.0614415;-76.94158318;TRADICIONAL;LIMA;LIMA
779676;LICORERIA EL TRIBUNAL JAVIER PRADO;PERNOD RICARD PERU S.A.;-12.0659476;-76.9420174;TRADICIONAL;LIMA;LIMA
779677;LICORERIA MAYBUR;PERNOD RICARD PERU S.A.;-12.0544213;-77.05093509;TRADICIONAL;LIMA;BREÑA
779678;TUMI MARKET;PERNOD RICARD PERU S.A.;-12.0666192;-77.0568552;TRADICIONAL;LIMA;BREÑA
779679;LICORERIA RAQUEL;PERNOD RICARD PERU S.A.;-12.165654;-76.94791;TRADICIONAL;LIMA;VILLA MARIA DEL TRIUNFO
779681;LICORERIA SUMMER VEGA;PERNOD RICARD PERU S.A.;-12.14287;-76.942895;TRADICIONAL;LIMA;VILLA MARIA DEL TRIUNFO
779682;MIMARKET EL GRINGO;PERNOD RICARD PERU S.A.;-12.1430557;-77.01836183;TRADICIONAL;LIMA;BARRANCO
779683;MARLENE SANTOS;PERNOD RICARD PERU S.A.;-12.16809185;-77.0296098;TRADICIONAL;LIMA;CHORRILLOS
779684;LICORERIA LOS POCHITOS;PERNOD RICARD PERU S.A.;-12.21337896;-76.90798243;TRADICIONAL;LIMA;VILLA MARIA DEL TRIUNFO
779686;MINIMARKET JORGITO MAGDALENA;PERNOD RICARD PERU S.A.;-12.0917499;-77.0716251;TRADICIONAL;LIMA;MAGDALENA DEL MAR
779687;MINIMARKET JORGITO JESUS MARIA;PERNOD RICARD PERU S.A.;-12.073202;-77.04918;TRADICIONAL;LIMA;JESUS MARIA
779688;REQUIN CARDENAS EUGENIO;PERNOD RICARD PERU S.A.;-13.5262719;-71.9840534;TRADICIONAL;FUERA_DE_RUTA;
779689;QUISPE UNOYSONCCO RUTH VILMA;PERNOD RICARD PERU S.A.;-13.51806823;-71.97678236;TRADICIONAL;CUSCO;CUSCO
779690;LICORERIA PERLA NEGRA;PERNOD RICARD PERU S.A.;-13.52757321;-71.94093999;TRADICIONAL;CUSCO;CUSCO
779691;MINIMARKET CHAPARRITA;PERNOD RICARD PERU S.A.;-13.52805923;-71.93968309;TRADICIONAL;CUSCO;CUSCO
779692;MULTISERVICIOS XIOMY;PERNOD RICARD PERU S.A.;-13.52937101;-71.93336069;TRADICIONAL;CUSCO;CUSCO
779693;MINIMARKET GOLDEN;PERNOD RICARD PERU S.A.;-12.0653643;-75.21762;TRADICIONAL;HUANCAYO;HUANCAYO
779694;LICORERIA IMPERIO;PERNOD RICARD PERU S.A.;-12.06415529;-75.2049018;TRADICIONAL;HUANCAYO;HUANCAYO
779695;BODEGA LICORERIA BETANIA;PERNOD RICARD PERU S.A.;-12.0432622;-75.1936241;TRADICIONAL;HUANCAYO;HUANCAYO
779696;LICORERIA BRINDIS;PERNOD RICARD PERU S.A.;-12.0418973;-75.193266;TRADICIONAL;HUANCAYO;HUANCAYO
779697;LICORERIA TOMMY;PERNOD RICARD PERU S.A.;-12.0610574;-75.2147909;TRADICIONAL;HUANCAYO;HUANCAYO
779698;LICORERIA MOGA;PERNOD RICARD PERU S.A.;-12.04839392;-75.2210531;TRADICIONAL;HUANCAYO;HUANCAYO
779699;LICORERIA SALVAJUERGAS;PERNOD RICARD PERU S.A.;-12.0650816;-75.2174115;TRADICIONAL;HUANCAYO;HUANCAYO
780644;MR. FROG;PERNOD RICARD PERU S.A.;-6.509961834;-79.8599782;TRADICIONAL;CHICLAYO;CHICLAYO
780645;EL BUNKER LICORERO CIX;PERNOD RICARD PERU S.A.;-6.768185085;-79.8356859;TRADICIONAL;CHICLAYO;CHICLAYO
780646;LICORERIA SALVAJUERGAS;PERNOD RICARD PERU S.A.;-12.0650396;-75.2173898;TRADICIONAL;LIMA;HUANCAYO
780647;LICORERIA POMITA;PERNOD RICARD PERU S.A.;-12.05031731;-75.22274809;TRADICIONAL;HUANCAYO;HUANCAYO
780648;LICORERIA CHE CARLITOS;PERNOD RICARD PERU S.A.;-12.0836493;-75.20211358;TRADICIONAL;HUANCAYO;HUANCAYO
780649;EL TOÑITO;PERNOD RICARD PERU S.A.;-12.08582632;-75.20397633;TRADICIONAL;HUANCAYO;HUANCAYO
780650;LICORERIA LATRAN K;PERNOD RICARD PERU S.A.;-12.06480503;-75.22283589;TRADICIONAL;HUANCAYO;HUANCAYO
780651;TREBOL LICORERIA;PERNOD RICARD PERU S.A.;-6.776002;-79.855031;TRADICIONAL;CHICLAYO;CHICLAYO
780652;LICORERIA 24/7;PERNOD RICARD PERU S.A.;-6.769009;-79.874117;TRADICIONAL;CHICLAYO;CHICLAYO
780653;LICORERIA 360 SALAVERRY;PERNOD RICARD PERU S.A.;-6.769155777;-79.86557676;TRADICIONAL;CHICLAYO;CHICLAYO
780654;LICORERIA SANTORO;PERNOD RICARD PERU S.A.;-12.13567281;-76.97890276;TRADICIONAL;LIMA;SURCO
780655;CORPORACION PERU;PERNOD RICARD PERU S.A.;-12.11743311;-77.0241597;TRADICIONAL;LIMA;SURQUILLO
780656;MULTITIENDA ALFREDO;PERNOD RICARD PERU S.A.;-12.0897054;-76.9958769;TRADICIONAL;LIMA;SAN LUIS
780657;SELECTA MARKET;PERNOD RICARD PERU S.A.;-12.09117102;-76.99625619;TRADICIONAL;LIMA;SAN LUIS
780658;VIPER MELVIN SUCURSAL;PERNOD RICARD PERU S.A.;-16.40403726;-71.5392995;TRADICIONAL;AREQUIPA;
780659;AURORA DISTRIBUCIONES;PERNOD RICARD PERU S.A.;-16.404818;-71.537921;TRADICIONAL;AREQUIPA;
780660;MIIMARKET PANOSA;PERNOD RICARD PERU S.A.;-16.40645598;-71.562786;TRADICIONAL;AREQUIPA;
780661;PAPAYA SUCURSAL;PERNOD RICARD PERU S.A.;-16.39029011;-71.54821046;TRADICIONAL;AREQUIPA;
780662;COMERCIAL JUCALPARI;PERNOD RICARD PERU S.A.;-12.0909297;-77.07431663;TRADICIONAL;LIMA;
780663;MINIMARKET LAS HERAS;PERNOD RICARD PERU S.A.;-12.0864104;-77.03452433;TRADICIONAL;LIMA;LINCE
780664;LICORERIA VINTAGE;PERNOD RICARD PERU S.A.;-11.97977189;-77.07225233;TRADICIONAL;LIMA;LOS OLIVOS
780665;CONSORCIO CLEMENTE;PERNOD RICARD PERU S.A.;-12.04277031;-76.94800073;TRADICIONAL;LIMA;SANTA ANITA
780666;NEGOCIACIONES JIREH & MAJAZ;PERNOD RICARD PERU S.A.;-12.12081012;-77.03342559;TRADICIONAL;LIMA;MIRAFLORES
780667;LICORERIA LA 2DA PARADA;PERNOD RICARD PERU S.A.;-5.172368;-80.645271;TRADICIONAL;PIURA;PIURA
791433;MARKET VIP;PERNOD RICARD PERU S.A.;-16.404612;-71.547169;TRADICIONAL;AREQUIPA;AREQUIPA
791454;KORCHOS & BARRILES 3;PERNOD RICARD PERU S.A.;-5.17963;-80.678528;TRADICIONAL;PIURA;PIURA
791455;LICORERIA MARTINI PIURA;PERNOD RICARD PERU S.A.;-5.182258618;-80.63009649;TRADICIONAL;PIURA;PIURA
791456;MINIMARKET TOTTOS;PERNOD RICARD PERU S.A.;-16.35224115;-71.54158502;TRADICIONAL;AREQUIPA;
791458;MERCAFAMILIA 2;PERNOD RICARD PERU S.A.;-16.40592553;-71.5185312;TRADICIONAL;AREQUIPA;
791459;QOLLQA RETAIL;PERNOD RICARD PERU S.A.;-16.38163947;-71.5476198;TRADICIONAL;AREQUIPA;
791460;ICE BEER;PERNOD RICARD PERU S.A.;-6.790483813;-79.84263573;TRADICIONAL;CHICLAYO;CHICLAYO
791461;FUJIAN;PERNOD RICARD PERU S.A.;-12.09214189;-77.07294136;TRADICIONAL;LIMA;LIMA
791462;MULTIMARKET KEY;PERNOD RICARD PERU S.A.;-12.09248571;-77.07446122;TRADICIONAL;LIMA;LIMA
791463;LICORERIA R&L;PERNOD RICARD PERU S.A.;-12.089361;-77.070333;TRADICIONAL;LIMA;LIMA
791543;SUPER MERCADO ECONOMICO;PERNOD RICARD PERU S.A.;-6.513488636;-79.86153796;TRADICIONAL;CHICLAYO;CHICLAYO
791544;GRUPO LOGISTICO LENY;PERNOD RICARD PERU S.A.;-12.04169018;-76.94728818;TRADICIONAL;LIMA;LIMA
791545;SUPER SUPER SOL TUPAC AMARU;PERNOD RICARD PERU S.A.;-13.52288091;-71.96744219;TRADICIONAL;CUSCO;CUSCO
792162;LA CENTRAL;PERNOD RICARD PERU S.A.;-12.1467378;-76.9711157;TRADICIONAL;LIMA;LIMA
792164;REPRESENTACIONES Y SERVICIOS VIRGEN DEL CARMEN;PERNOD RICARD PERU S.A.;-13.5315987;-71.9674688;TRADICIONAL;CUSCO;CUSCO
792165;LICORERIA JOSEMA;PERNOD RICARD PERU S.A.;-12.0755978;-77.0637559;TRADICIONAL;LIMA;LIMA
792166;WONKI MARKET;PERNOD RICARD PERU S.A.;-12.0889044;-77.068056;TRADICIONAL;LIMA;LIMA
792167;CAMARGO ANGARES;PERNOD RICARD PERU S.A.;-12.0728903;-75.1905895;TRADICIONAL;HUANCAYO;HUANCAYO
792168;DISTRIBUIDORA LA NORTEÑITA;PERNOD RICARD PERU S.A.;-12.0582897;-75.214769;TRADICIONAL;HUANCAYO;HUANCAYO
792169;DISTRIBUIDORA HUAYLLACAYAN;PERNOD RICARD PERU S.A.;-12.1826688;-77.0008449;TRADICIONAL;LIMA;LIMA
792170;PUCHURI SULCA FLOR;PERNOD RICARD PERU S.A.;-12.1646509;-77.0219116;TRADICIONAL;LIMA;LIMA
792172;CORPORACION D LAZZIO;PERNOD RICARD PERU S.A.;-12.0864629;-77.0429646;TRADICIONAL;LIMA;LIMA
792173;LICORERIA DON KOKO;PERNOD RICARD PERU S.A.;-6.7806517;-79.8424983;TRADICIONAL;CHICLAYO;CHICLAYO
792175;LA LICORERA;PERNOD RICARD PERU S.A.;-6.7809289;-79.8426221;TRADICIONAL;CHICLAYO;LA VICTORIA
792176;MENOS MENOS II;PERNOD RICARD PERU S.A.;-12.307457;-76.839106;TRADICIONAL;LIMA;PUNTA HERMOSA
792177;LICORERIA LA RESERVA HUANCAYO;PERNOD RICARD PERU S.A.;-12.06148788;-75.21482542;TRADICIONAL;HUANCAYO;HUANCAYO
792178;CAMARGO TAMBO;PERNOD RICARD PERU S.A.;-12.060866;-75.2149687;TRADICIONAL;HUANCAYO;HUANCAYO
792179;LICORERIA LA CHICHI;PERNOD RICARD PERU S.A.;-12.0648125;-75.2227889;TRADICIONAL;HUANCAYO;HUANCAYO
795138;ROM QUIÑONES;PERNOD RICARD PERU S.A.;-12.08868825;-77.01398024;FUERA_DE_RUTA;FUERA_DE_RUTA;LA VICTORIA
795356;MEZCLA PERFECTA LICORES;PERNOD RICARD PERU S.A.;-16.404537;-71.538373;TRADICIONAL;AREQUIPA;AREQUIPA
806708;LICORERIA LA MEZA;PERNOD RICARD PERU S.A.;-12.2090711;-76.94093276;TRADICIONAL;LIMA;VILLA EL SALVADOR
806709;LICORERIA SAFIRA;PERNOD RICARD PERU S.A.;-12.08475566;-75.2046693;TRADICIONAL;HUANCAYO;HUANCAYO
806710;LICORERIA HAWA;PERNOD RICARD PERU S.A.;-6.75842;-79.841183;TRADICIONAL;CHICLAYO;CHICLAYO
806711;LICORERIAS CORCHO DORADO BOLOGNESI;PERNOD RICARD PERU S.A.;-6.783778;-79.861614;TRADICIONAL;CHICLAYO;CHICLAYO
806712;DISTRIBUCIONES RCV;PERNOD RICARD PERU S.A.;-13.52695147;-71.9689229;TRADICIONAL;CUSCO;CUSCO
806713;LICORERIA LA WASCA;PERNOD RICARD PERU S.A.;-11.87195874;-77.12279253;TRADICIONAL;LIMA;VENTANILLA
806714;MINIMARKET SANDER;PERNOD RICARD PERU S.A.;-12.0733859;-77.05177369;TRADICIONAL;LIMA;JESUS MARIA
806715;BURLINGTON LIQUOR;PERNOD RICARD PERU S.A.;-12.06468779;-77.0718769;TRADICIONAL;LIMA;LIMA
806716;LICORERIA LICORMAX;PERNOD RICARD PERU S.A.;-11.93911196;-77.05170836;TRADICIONAL;LIMA;COMAS
807117;BBT PARA EL MUNDO;PERNOD RICARD PERU S.A.;-16.38154527;-71.54773513;TRADICIONAL;AREQUIPA;CAYMA
807145;KOSTO TRISTAN;PERNOD RICARD PERU S.A.;-16.42425867;-71.5311623;TRADICIONAL;AREQUIPA;
807146;LICORERIA JAPY BROU SANTA VICTORIA;PERNOD RICARD PERU S.A.;-6.777370705;-79.84266588;TRADICIONAL;CHICLAYO;CHICLAYO
807147;LA BARRICA EL CARMEN;PERNOD RICARD PERU S.A.;-6.775921182;-79.86658863;TRADICIONAL;CHICLAYO;CHICLAYO
807148;LICORERIA JAPY BROU MARISCAL NIETO;PERNOD RICARD PERU S.A.;-6.775043878;-79.83330278;TRADICIONAL;CHICLAYO;CHICLAYO
807149;LICORERIA BP;PERNOD RICARD PERU S.A.;-6.800635073;-79.83604666;TRADICIONAL;CHICLAYO;CHICLAYO
807150;MINIMARKET LA VIA;PERNOD RICARD PERU S.A.;-6.800974245;-79.83724536;TRADICIONAL;CHICLAYO;CHICLAYO
807151;DISTRIBUCIONES RCV_eliminado;PERNOD RICARD PERU S.A.;-13.52696108;-71.96883666;TRADICIONAL;CUSCO;CUSCO
807152;LICORERIA WASKAS;PERNOD RICARD PERU S.A.;-12.06830136;-75.21529653;TRADICIONAL;HUANCAYO;HUANCAYO
807153;MARKET STEVENS;PERNOD RICARD PERU S.A.;-12.06854927;-75.21137563;TRADICIONAL;HUANCAYO;HUANCAYO
807154;LICORERIA LUXOR TORRES PAZ;PERNOD RICARD PERU S.A.;-6.836505693;-79.93603586;TRADICIONAL;CHICLAYO;PIMENTEL
807155;LICORERIA LUXOR ALFONSO UGARTE;PERNOD RICARD PERU S.A.;-6.838215641;-79.93582973;TRADICIONAL;CHICLAYO;PIMENTEL
807156;MARKET SAN ROQUE;PERNOD RICARD PERU S.A.;-6.793346;-79.881242;TRADICIONAL;CHICLAYO;PIMENTEL
807157;SUPERMERCADO HOLA;PERNOD RICARD PERU S.A.;-6.83761886;-79.93437678;TRADICIONAL;CHICLAYO;PIMENTEL
807158;LICORERIA MI JUANA ROSA;PERNOD RICARD PERU S.A.;-5.1912451;-80.6081294;TRADICIONAL;PIURA;PIURA
807159;LICORERIA ADRIMARC;PERNOD RICARD PERU S.A.;-5.179757872;-80.67977943;TRADICIONAL;PIURA;PIURA
807160;LICORERIA DAM;PERNOD RICARD PERU S.A.;-5.175086412;-80.67792046;TRADICIONAL;PIURA;PIURA
807161;DISTRIBUIDORA EGIMAX;PERNOD RICARD PERU S.A.;-12.11479902;-76.99914498;TRADICIONAL;LIMA;SURQUILLO
807162;LICORERIA STREET 10;PERNOD RICARD PERU S.A.;-11.87186184;-77.1226365;TRADICIONAL;LIMA;VENTANILLA
808088;LICORERIA TTITO;PERNOD RICARD PERU S.A.;-13.52508;-71.953883;TRADICIONAL;CUSCO;CUSCO
808089;LICORERIA KALEBA;PERNOD RICARD PERU S.A.;-12.0295512;-75.235438;TRADICIONAL;HUANCAYO;HUANCAYO
808090;LICORERIA CD;PERNOD RICARD PERU S.A.;-12.0301101;-75.2336825;TRADICIONAL;HUANCAYO;HUANCAYO
808091;LICORERIA H Y M;PERNOD RICARD PERU S.A.;-12.0772916;-75.188371;TRADICIONAL;HUANCAYO;HUANCAYO
808092;LICORERIA CORCHOS;PERNOD RICARD PERU S.A.;-12.0506276;-75.1992403;TRADICIONAL;HUANCAYO;HUANCAYO
808093;LICORERIA EL GRADI;PERNOD RICARD PERU S.A.;-12.0529035;-75.2025527;TRADICIONAL;HUANCAYO;HUANCAYO
808094;MINIMARKET NOVA;PERNOD RICARD PERU S.A.;-12.0517422;-75.198406;TRADICIONAL;HUANCAYO;HUANCAYO
808095;LA NUEVA ERA;PERNOD RICARD PERU S.A.;-12.0774523;-75.1878425;TRADICIONAL;HUANCAYO;HUANCAYO
808096;LICORERIA EL CHATO;PERNOD RICARD PERU S.A.;-12.2413713;-76.9235076;TRADICIONAL;LIMA;LIMA
808097;LICORAMA;PERNOD RICARD PERU S.A.;-12.3322388;-76.8248328;TRADICIONAL;LIMA;LIMA
808099;KOVA OZ;PERNOD RICARD PERU S.A.;-11.8751636;-77.1285504;TRADICIONAL;LIMA;LIMA
808100;CORCHO LIBRE;PERNOD RICARD PERU S.A.;-8.0987087;-79.0241235;TRADICIONAL;TRUJILLO;TRUJILLO
808101;LICORERIA MANGO LOS PINOS;PERNOD RICARD PERU S.A.;-8.082099;-79.121506;TRADICIONAL;TRUJILLO;TRUJILLO
808102;LICORERIA FIORY;PERNOD RICARD PERU S.A.;-8.0756424;-79.1188965;TRADICIONAL;TRUJILLO;TRUJILLO
808103;LICORERIA EL VATO;PERNOD RICARD PERU S.A.;-8.0800005;-79.12162;TRADICIONAL;TRUJILLO;TRUJILLO
808104;LICORERIA MANGO LA LIBERTAD;PERNOD RICARD PERU S.A.;-8.080673;-79.121755;TRADICIONAL;TRUJILLO;TRUJILLO
808105;FIORI MARKET EXPRESS;PERNOD RICARD PERU S.A.;-8.0821678;-79.1215383;TRADICIONAL;TRUJILLO;TRUJILLO
808106;EL POINT DE UNO;PERNOD RICARD PERU S.A.;-8.0809067;-79.1223513;TRADICIONAL;TRUJILLO;TRUJILLO
808107;MI POCHITA;PERNOD RICARD PERU S.A.;-8.0798167;-79.121577;TRADICIONAL;TRUJILLO;TRUJILLO
808120;LICORERIA 360 LA COLECTORA;PERNOD RICARD PERU S.A.;-6.7868583;-79.85279;TRADICIONAL;CHICLAYO;CHICLAYO
808121;CASA DE LOS LICORES;PERNOD RICARD PERU S.A.;-12.2105291;-76.9402384;TRADICIONAL;LIMA;LIMA
808122;ESTACION DE SERVICIO PIURA AVA POINT;PERNOD RICARD PERU S.A.;-5.1919426;-80.6291503;TRADICIONAL;PIURA;PIURA
808123;GALAX RAPIMARKET AMERICA SUR;PERNOD RICARD PERU S.A.;-8.1240485;-79.0389593;TRADICIONAL;TRUJILLO;TRUJILLO
808124;GALAX RAPIMARKET SANTA TERESA;PERNOD RICARD PERU S.A.;-8.1226039;-79.0328293;TRADICIONAL;TRUJILLO;TRUJILLO
808125;LA VIA 2;PERNOD RICARD PERU S.A.;-6.8001126;-79.8336422;TRADICIONAL;CHICLAYO;CHICLAYO
808126;LICORERIA BOMBAY;PERNOD RICARD PERU S.A.;-12.2104697;-76.9402329;TRADICIONAL;LIMA;LIMA
808127;LICORERIA C Y F;PERNOD RICARD PERU S.A.;-12.0555142;-77.0289137;TRADICIONAL;LIMA;LIMA
808128;LICORERIA DOMINGO;PERNOD RICARD PERU S.A.;-8.1330236;-79.0460373;TRADICIONAL;TRUJILLO;TRUJILLO
808129;LICORERIA DON LEON;PERNOD RICARD PERU S.A.;-6.7917677;-79.8477991;TRADICIONAL;CHICLAYO;CHICLAYO
808130;LICORERIA JESMARSUR;PERNOD RICARD PERU S.A.;-16.405907;-71.5342148;TRADICIONAL;AREQUIPA;AREQUIPA
808131;LICORERIA MANYO;PERNOD RICARD PERU S.A.;-8.1303102;-79.0380695;TRADICIONAL;TRUJILLO;TRUJILLO
808132;LICORERIA MIAMI BEACH;PERNOD RICARD PERU S.A.;-11.9719572;-77.0745119;TRADICIONAL;LIMA;LIMA
808133;LICORERIA NARDANIA;PERNOD RICARD PERU S.A.;-5.9900332;-79.7477116;TRADICIONAL;CHICLAYO;CHICLAYO
808134;MINIMARKET ALIMER;PERNOD RICARD PERU S.A.;-16.3814189;-71.5600572;TRADICIONAL;AREQUIPA;AREQUIPA
808135;MINIMARKET EASY;PERNOD RICARD PERU S.A.;-16.3977294;-71.5455943;TRADICIONAL;AREQUIPA;AREQUIPA
808136;MINIMARKET FABRICIO;PERNOD RICARD PERU S.A.;-8.0795734;-79.1184534;TRADICIONAL;TRUJILLO;TRUJILLO
808414;LICORERIA EL POINT SAN CARLOS;PERNOD RICARD PERU S.A.;-12.0530948;-75.2024544;TRADICIONAL;HUANCAYO;HUANCAYO
808417;LICORERIA EL OLVIDO;PERNOD RICARD PERU S.A.;-12.1388804;-76.9464035;TRADICIONAL;LIMA;LIMA
808418;LICORERIA ALI;PERNOD RICARD PERU S.A.;-12.1477877;-76.9503809;TRADICIONAL;LIMA;LIMA
808419;LICORERIA EL CHIINITO PRO;PERNOD RICARD PERU S.A.;-11.9432477;-77.0745999;TRADICIONAL;LIMA;LIMA
808420;LICORERIA JULISSA;PERNOD RICARD PERU S.A.;-12.055317;-77.0291256;TRADICIONAL;LIMA;LIMA
808421;EL PATRON;PERNOD RICARD PERU S.A.;-12.0424723;-76.9474527;TRADICIONAL;LIMA;LIMA
808422;LICORERIA 800;PERNOD RICARD PERU S.A.;-12.0495768;-76.9703889;TRADICIONAL;LIMA;LIMA
808423;LICORERIA INTIPAQCHA;PERNOD RICARD PERU S.A.;-12.0448103;-76.9741779;TRADICIONAL;LIMA;LIMA
808424;LICORERIA GARCITA;PERNOD RICARD PERU S.A.;-12.0391302;-76.9680345;TRADICIONAL;LIMA;LIMA
808425;LICORERIA ROGER Y HERMNOS;PERNOD RICARD PERU S.A.;-12.0790063;-76.9943311;TRADICIONAL;LIMA;LIMA
808426;LA CATEDRAL;PERNOD RICARD PERU S.A.;-12.0757963;-77.0528025;TRADICIONAL;LIMA;LIMA
808427;LICORERIA RICUSPAIMI;PERNOD RICARD PERU S.A.;-12.0863632;-77.0303157;TRADICIONAL;LIMA;LIMA
808428;LICORERIA BARIQUE;PERNOD RICARD PERU S.A.;-12.0637204;-77.0706506;TRADICIONAL;LIMA;LIMA
808430;LICORERIA PRONTO;PERNOD RICARD PERU S.A.;-11.9943638;-77.0643903;TRADICIONAL;LIMA;LIMA
808431;LICORES MAR;PERNOD RICARD PERU S.A.;-11.9558732;-77.0579562;TRADICIONAL;LIMA;LIMA
848986;LICORERIA EL TREBOL SJM;PERNOD RICARD PERU S.A.;-12.17243157;-76.96207711;TRADICIONAL;LIMA;SAN JUAN DE MIRAFLORES
848987;LICORERIA YOWEL;PERNOD RICARD PERU S.A.;-12.17337127;-76.9563593;TRADICIONAL;LIMA;SAN JUAN DE MIRAFLORES
848988;LA CERVECERIA;PERNOD RICARD PERU S.A.;-12.17758187;-76.96269998;TRADICIONAL;LIMA;SAN JUAN DE MIRAFLORES
848989;MINIMARKET 28;PERNOD RICARD PERU S.A.;-12.16988829;-76.96144441;TRADICIONAL;LIMA;SAN JUAN DE MIRAFLORES
848991;EL CACERO;PERNOD RICARD PERU S.A.;-16.38182922;-71.54668899;TRADICIONAL;AREQUIPA;AREQUIPA
848993;EL PALACIO DEL FUMADOR;PERNOD RICARD PERU S.A.;-5.170193574;-80.65869168;TRADICIONAL;PIURA;PIURA
848996;DAVID WONG;PERNOD RICARD PERU S.A.;-8.129921679;-79.03735626;TRADICIONAL;TRUJILLO;TRUJILLO
849000;ORION MELOC;PERNOD RICARD PERU S.A.;-13.51649389;-71.98321665;TRADICIONAL;CUSCO;CUSCO
849002;LICORERIA VALKIRIA;PERNOD RICARD PERU S.A.;-12.06667097;-76.95923583;TRADICIONAL;LIMA;LIMA
849175;LICORERIA ZEUS;PERNOD RICARD PERU S.A.;-11.9591008;-77.0726218;TRADICIONAL;LIMA;LOS OLIVOS
849177;CORCHO DORADO ELVIRA GARCIA;PERNOD RICARD PERU S.A.;-6.7657136;-79.8300081;TRADICIONAL;CHICLAYO;CHICLAYO
849179;TABACO Y RON AMERICA NORTE;PERNOD RICARD PERU S.A.;-8.1023786;-79.0327313;TRADICIONAL;TRUJILLO;TRUJILLO
849181;PUNTO M LOS TILOS;PERNOD RICARD PERU S.A.;-8.1314576;-79.0432698;TRADICIONAL;TRUJILLO;TRUJILLO
